created_at;id_str;full_text;quote_count;reply_count;retweet_count;favorite_count;lang;user_id_str;conversation_id_str;username;tweet_url
Tue Jun 20 23:49:41 +0000 2023;1671304344216694786;"@NasiAking234 @elisa_jkt Lah bukannya Jaklingko dulu perubahan dari OK Otrip setelah Bang Sandi ga jadi Wagub? Inisiasi awal OK Otrip kan?";0;1;0;0;in;226215210;1671106895627841538;nunu_29;https://twitter.com/nunu_29/status/1671304344216694786
Tue Jun 20 23:37:55 +0000 2023;1671301381721042944;"@PT_Transjakarta kalo mau rekrut driver jaklingko yang bener dong 80% pelayanan ke customer gaada ramah nya malah songong banget -_-";0;1;0;1;in;124621889;1671301381721042944;Neggy___;https://twitter.com/Neggy___/status/1671301381721042944
Tue Jun 20 23:20:25 +0000 2023;1671296979182424066;"Capek lari-lari ngejar jaklingko";0;1;0;0;in;882214624468193281;1671296979182424066;emeurveiller;https://twitter.com/emeurveiller/status/1671296979182424066
Tue Jun 20 22:44:20 +0000 2023;1671287897004335104;"@elisa_jkt DP Rp 0 tuh bukannya Samawa ya nama programnya, JakHabitat lebih ke hunian yg berbasis TOD kan ya.  Btw soal JakLingko di angkot Mikrotrans juga udah diilangin logonya yg biasa di bagian pintu depan diganti logo Transjakarta ğŸ˜‚";0;0;0;0;in;792281264;1671106895627841538;dikostan;https://twitter.com/dikostan/status/1671287897004335104
Tue Jun 20 19:11:00 +0000 2023;1671234212714905601;"Kartu Flazz Jaklingko masih ada jual di vending machine @PT_Transjakarta ?";0;2;0;0;in;210716729;1671234212714905601;FachryMyID;https://twitter.com/FachryMyID/status/1671234212714905601
Tue Jun 20 17:03:13 +0000 2023;1671202053006438401;"@elisa_jkt @NasiAking234 produk gacoan soalnya ini, ngeganti jaklingko bisa kena babat";0;0;0;0;in;1312943659654868992;1671106895627841538;polkimun;https://twitter.com/polkimun/status/1671202053006438401
Tue Jun 20 17:00:00 +0000 2023;1671201242713051136;"@millkcarrot apa gada angkot jurusan jakarta singapur biar bs pk jaklingko";0;0;0;0;in;1602257313666306048;1671197862196301825;ikeumeong;https://twitter.com/ikeumeong/status/1671201242713051136
Tue Jun 20 16:24:23 +0000 2023;1671192278319382528;"@ryenapha @EkoTamba @PT_Transjakarta Biasanya mesin yg jadul ga support emoney, ada jg yg baru yg ga support karena error..   Keduanya jika memang terkendala, kita tap pake kartu emoney terbitan bank mandiri baik yg berlogo jaklingko maupun tidak. Maka sama2 tidak akan terbaca... Itu yg disebut masalah TOB.";0;1;0;1;in;70118484;1668107986596687873;diiizan;https://twitter.com/diiizan/status/1671192278319382528
Tue Jun 20 16:13:04 +0000 2023;1671189431280340993;"@DKIJakarta target selanjutnya JakLingko ya ğŸ˜… nanti namanya di ganti jadi "jaringan jalan kendaraan" di singkat jadi JAJARAN ğŸ¤£";0;0;0;2;in;1656129140591046657;1671104016955351040;celanajoger2325;https://twitter.com/celanajoger2325/status/1671189431280340993
Tue Jun 20 16:10:16 +0000 2023;1671188728025591813;"@elisa_jkt target selanjutnya : JakLingko jadi rute terpadu masyarakat ğŸ˜";0;0;0;0;in;1656129140591046657;1671106895627841538;celanajoger2325;https://twitter.com/celanajoger2325/status/1671188728025591813
Tue Jun 20 15:11:56 +0000 2023;1671174047248572416;"Yh tp enih gbs buat jaklingko ğŸ’” sedih";0;0;0;0;in;1495991020693057537;1671174047248572416;victoriousoul;https://twitter.com/victoriousoul/status/1671174047248572416
Tue Jun 20 15:11:28 +0000 2023;1671173930785157120;"@cloudyvity_ Hai kak, Untuk pembelian kartu Jaklingko  dapat dilakukan di halte Transjakarta yang sudah tersedia Vending machine. Berikut lokasi vending machine yang tersedia di halte Transjakarta.  https://t.co/Y7csPgjQAD. Terima kasih ^DPS";0;0;0;0;in;104556071;1671114799223296000;PT_Transjakarta;https://twitter.com/PT_Transjakarta/status/1671173930785157120
Tue Jun 20 15:07:46 +0000 2023;1671172999343652865;"@azkyna_ Hai Kak. Mohon maaf atas kendala yang dialami, mengenai saldo terpotong 2 kali, silakan laporkan ke nomor Customer Care JakLingko yang dapat di hubungi : ğŸ“± (Whatsapp) : 0812-6000-1440 â˜ï¸ (Phone) : 021-29223034 ğŸ“© (Email) : customercare@jaklingkoindonesia.co.id. Terima kasih ^DPS";0;0;0;0;in;104556071;1671114316509245441;PT_Transjakarta;https://twitter.com/PT_Transjakarta/status/1671172999343652865
Tue Jun 20 14:54:09 +0000 2023;1671169572161060865;"@DukuhAtasBNI @aarmdhnn @eevchenko @elisa_jkt @NasiAking234 Dapet info dari supir jaklingko kalo dibulan agustus logonya bakal diganti";0;0;1;1;in;1047393859536220160;1671106895627841538;ErstiR;https://twitter.com/ErstiR/status/1671169572161060865
Tue Jun 20 13:03:58 +0000 2023;1671141843625738241;"@aarmdhnn @eevchenko @elisa_jkt @NasiAking234 Dan paling ketauan â€œniatnyaâ€ kalo sampe diganti. Jaklingko ini udah banyak bgt yg ngenalin, terutama sbg angkot gratis (walaupun sbnrnya jaklingko itu sistem integrasi pembayaran transportasi jkt), belum lg soal kartu, dan logonya selalu nempel dimana2";0;1;0;2;in;1193445242894028800;1671106895627841538;DukuhAtasBNI;https://twitter.com/DukuhAtasBNI/status/1671141843625738241
Tue Jun 20 12:49:03 +0000 2023;1671138087710367744;"@NasiAking234 @elisa_jkt postingan2 di akunnya juga udah gak pernah pake logo jaklingko lagi";0;0;3;4;in;1256989499097100289;1671106895627841538;nuggetpedaz;https://twitter.com/nuggetpedaz/status/1671138087710367744
Tue Jun 20 12:44:50 +0000 2023;1671137029651058689;"@elisa_jkt @NasiAking234 Tapi brandingannya dikurangin, dulu naik mikrotrans diajak buat pake kartu berlogo jaklingko, sekarang udah promoin naik mikrotrans pake emoney biasa. https://t.co/RW3uqbjfWQ";0;2;6;11;in;1256989499097100289;1671106895627841538;nuggetpedaz;https://twitter.com/nuggetpedaz/status/1671137029651058689
Tue Jun 20 12:16:57 +0000 2023;1671130011888402433;"Jaklingko jadi Angkutan Umum Terpadu Gratis ğŸ˜";0;0;0;0;in;299157212;1671130011888402433;Ryandisajja;https://twitter.com/Ryandisajja/status/1671130011888402433
Sat Jun 17 07:04:38 +0000 2023;1669964250109079552;"@worksfess Kos2an + listrik, max 1.5jt Lain2 (jajan, skincare) : 1jt Transportasi : cari max 10k/hari jd cari kos2an dekat via krl/jaklingko(free)/TJ. Jalan kaki lebih baik. 300k Ortu : 800k Tabungan : 1 jt Total 6.1  Masih ada sisa..";0;0;0;2;in;16836324;1669863680182489088;anttieee_;https://twitter.com/anttieee_/status/1669964250109079552
Sat Jun 17 06:07:51 +0000 2023;1669949960912269313;"Segenap jajaran Dewan Komisaris, Direksi dan Karyawan PT Bank DKI mengucapkan selamat ulang tahun ke-15 PT MRT Jakarta @mrtjakarta   Jangan lupa gunakan JakCard Bank DKI dan JakLingko sebagai tiket perjalanan MRT Jakarta kamu.  #BankDKI #MRTJakarta #JakCard #JakLingko https://t.co/G0xZLHqzbR";0;2;0;3;in;486206650;1669949960912269313;bank_dki;https://twitter.com/bank_dki/status/1669949960912269313
Sat Jun 17 05:23:29 +0000 2023;1669938796245417984;"@worksfess Cari kos maks 1.5 jt (biasanya non ac  cari yg sediain kipas, kulkas, dapur, air pdam). Terus masak aja kalau ga masak nasi, lauk beli. Habis tu mobilitas pake angkot  jaklingko bisa 0 rupiah atau busway. Bakalan hemat, selebihnya tahan godaan beli ini itu.";0;1;0;0;in;702587456;1669863680182489088;Mnooriza;https://twitter.com/Mnooriza/status/1669938796245417984
Sat Jun 17 05:19:08 +0000 2023;1669937702521937920;"Jaklingko adalah hasil dari ketangguhan yang dilakukan oleh Pak Anies";0;0;0;0;in;1646965925269368832;1669937702521937920;aliazaraya;https://twitter.com/aliazaraya/status/1669937702521937920
Sat Jun 17 04:33:55 +0000 2023;1669926320489496576;"@anaqnya_mama @rahmaadwis @adriansyahyasin Dari semua daerah Deket Jakarta banyak yang angkot bermasalah. Jadi harus objektif, lu ga tau ajah ya proses utk pembentukan JAKLINGKO ini dulu bnyk penolakan dari sopir angkot, terus karena diketahui proyek nya bakal menghasilkan banyak manfaat dan juga mensejahterakan baru deal";0;2;0;0;in;1244673152166182912;1669556791188021253;tukangtwittter;https://twitter.com/tukangtwittter/status/1669926320489496576
Sat Jun 17 04:29:05 +0000 2023;1669925104149741569;"@hrdbacot Disini aja dalam komplek militer. Klo masuk musti ninggal KTP. Klo gak mau ninggal KTP, naik JakLingko  cc: @drhaltekehalte https://t.co/C4ezjpP6aa";0;0;1;4;in;66271653;1669901467371864065;windumuktiw;https://twitter.com/windumuktiw/status/1669925104149741569
Sat Jun 17 04:28:32 +0000 2023;1669924965838389253;"@hendra_wahyu @adriansyahyasin Susah, gabisa maju pola pikir orang2 sini wkw awal jaklingko dicetuskan aja banyak preman2 dan pengusaha angkot, metromini, or kopaja yg ngamuk2. Padahal, dengan mereka gabung justru win-win solution. Sopir gk perlu cape ngejar setoran, trs pengusaha gaperlu pusing sama -c";1;1;0;7;in;1372311175065608198;1669556791188021253;anaqnya_mama;https://twitter.com/anaqnya_mama/status/1669924965838389253
Sat Jun 17 03:22:01 +0000 2023;1669908227449032705;"@solidbarcandy @andreasstrp @adriansyahyasin kalo lebarin jalan kelamaan buat pembebasan lahannya aja bisa tahunan, blm berantam buat persetujuan anggaran, paling bener jaklingko diperbanyak bisa masuk ke kampung2 ğŸ˜";0;0;0;0;in;36348276;1669556791188021253;rakhmat_mulyana;https://twitter.com/rakhmat_mulyana/status/1669908227449032705
Sat Jun 17 02:38:00 +0000 2023;1669897150996836354;"Td tb2 ada ibu2 nyamperin wkt lg nggu jaklingko. Ibunya blg blm makan, sakit maag dan cm minum air putih dr kemarin. Badannya gemeteran. YaAllah.. ğŸ¥º";0;0;0;0;in;1103642857183752192;1669897150996836354;nadazkyh;https://twitter.com/nadazkyh/status/1669897150996836354
Sat Jun 17 02:08:11 +0000 2023;1669889645411454976;"Kenapa ya tangsel ga punya buswaynya sendiri atau minimal jaklingko deh";0;0;0;0;in;1180652353076125702;1669889645411454976;saywowv;https://twitter.com/saywowv/status/1669889645411454976
Sat Jun 17 01:47:34 +0000 2023;1669884458735132672;"@sbmptnfess pp aja, nyambung jaklingko";0;0;0;0;in;1391670799958876160;1669534006336192512;spprtdbyrl;https://twitter.com/spprtdbyrl/status/1669884458735132672
Sat Jun 17 00:51:39 +0000 2023;1669870387612770309;"@adriansyahyasin Di Jakarta Utara kebantu banget adanya rute  jaklingko";0;0;0;0;in;1188795437345427456;1669556791188021253;takarankita;https://twitter.com/takarankita/status/1669870387612770309
Fri Jun 16 23:43:02 +0000 2023;1669853117603811329;"Paling bner emg klo kena weekend kudu pke jaklingko ğŸ˜ŒğŸ˜ŒğŸ˜Œ";0;1;0;0;in;1022509266366738432;1669853117603811329;SaburaGin;https://twitter.com/SaburaGin/status/1669853117603811329
Fri Jun 16 22:44:45 +0000 2023;1669838451783667713;"@adriansyahyasin Jaklingko ngebantu bgt sih, udah mau 4 bulan di jkt gak punya kendaraan pribadi, enjoy aja pake public transport";1;0;4;36;in;943830538544062464;1669556791188021253;hdkefsoleh;https://twitter.com/hdkefsoleh/status/1669838451783667713
Fri Jun 16 22:11:37 +0000 2023;1669830113729609728;"@PT_Transjakarta min klo naik jaklingko bisa pake emoney kah? Misal emoneynya baru harus tap di stasiun atau bisa langsung dipake?";0;1;0;0;in;1397063379081039873;1669830113729609728;Mcdfor24;https://twitter.com/Mcdfor24/status/1669830113729609728
Fri Jun 16 18:57:12 +0000 2023;1669781187345420288;"@BadanBahasa @DKIJakarta Klau jaklingko berarti tanah adat Jakarta donk y?";0;0;0;0;in;1480217327962525703;1049865664922447873;suestysuesty;https://twitter.com/suestysuesty/status/1669781187345420288
Fri Jun 16 18:47:03 +0000 2023;1669778631848263680;"@Hasbil_Lbs @RadioElshinta Klau skrg kartu jaklingko y...";0;0;0;0;in;1480217327962525703;941215974996377601;suestysuesty;https://twitter.com/suestysuesty/status/1669778631848263680
Fri Jun 16 17:40:24 +0000 2023;1669761857337581568;""anies pas jadi gubernur, apa sih warisannya?"  orang yg ngomong gini, kayanya ga pernah kenal sama angkot jaklingko";0;0;0;0;in;2313823190;1669761857337581568;yoCans13;https://twitter.com/yoCans13/status/1669761857337581568
Fri Jun 16 15:51:13 +0000 2023;1669734381576151041;"Setujuuu. Andai ada macem jaklingko gituuu kan ga perlu bawa kendaraan sampe stasiun ğŸ¥º";0;0;0;0;in;282015537;1669734381576151041;anggiyu;https://twitter.com/anggiyu/status/1669734381576151041
Fri Jun 16 15:12:52 +0000 2023;1669724731808030724;"@musafir_hidup @BahasBus tap in tap out, tp Rp.0, sama kyk angkot jaklingko, gratis, syaratnya cuma punya kartu jaklingko emoney";0;1;0;1;in;2898061285;1669572258438991877;al_akbar16;https://twitter.com/al_akbar16/status/1669724731808030724
Fri Jun 16 14:15:57 +0000 2023;1669710408947585025;"@nnimrdni Hai kak, mengenai saldo terpotong 2 kali, silakan laporkan ke nomor Customer Care JakLingko yang dapat di hubungi : ğŸ“± (Whatsapp) : 0812-6000-1440 â˜ï¸ (Phone) : 021-29223034 ğŸ“© (Email) : customercare@jaklingkoindonesia.co.id. Terima kasih ^RR";0;0;0;0;in;104556071;1669696107616817152;PT_Transjakarta;https://twitter.com/PT_Transjakarta/status/1669710408947585025
Fri Jun 16 13:10:23 +0000 2023;1669693907318493185;"gue cinta angkot TP ANGKOT BOGOR, NO. angkot jaklingko is yes karena terobos terus jalan terus. kapan ya angkot bogor dibikin sistem kayak jaklingko *uhuk* @BimaAryaS";0;0;0;0;in;1417525507;1669693463095574530;fadaychickin;https://twitter.com/fadaychickin/status/1669693907318493185
Fri Jun 16 13:09:43 +0000 2023;1669693737948319747;"oiya, jaklingko itu gratis. Tj nya bayar 3500. murce bukan? aku sungguh menantikan ada kendaraan macam ni lah di subay. yg menjangkau all area ya, yg sampe masuk2 gang gitu. niscaya warga subay akan semangat naik kendaraan umum.";0;1;0;0;in;1010911323708768260;1669692409708711937;natasyandrina;https://twitter.com/natasyandrina/status/1669693737948319747
Fri Jun 16 13:06:34 +0000 2023;1669692948320251905;"pagi ini memutuskan buat ga naik motor karna jakarta lagi ujan deres batttt drpd di jalan kuyup, saya memilih utk mari naik tj dan angkot.  Dari tempat aku tinggal, aku naik jaklingko dulu. Buat temen2 subay fam yg belom tau, jaklingko itu kaya wira wiri nya surabaya";0;1;0;0;in;1010911323708768260;1669692409708711937;natasyandrina;https://twitter.com/natasyandrina/status/1669692948320251905
Fri Jun 16 12:25:19 +0000 2023;1669682566088245249;"Ingin menaiki jaklingko udah tinggal selangkah mobilnya pergi. Orang di belakang gue misuh2 lucu ke pak supir yang lain  "Kenapa cepet banget jalannya pak? Lama banget nunggunya kan aku capek mau tidur"  Jadi merasa sangat introvert wkwkwkw";0;0;0;0;in;1349608913205772294;1669682566088245249;_kikiyay;https://twitter.com/_kikiyay/status/1669682566088245249
Fri Jun 16 11:32:47 +0000 2023;1669669346548019200;"BUAT LO SEMUA YANG PAKE EMONEY, FLAZZ, KARTU APAPUN SELAIN JAKLINGKO.  KATA GW GANTI KARTU KE YANG BARU. GK TAU YG BARU APAAN.  GK GUNA BGT NIH SISTEM TJ. TIBA2 UDAH GK BISA BACA KARTU LAMA.  TERUS GK ADA PENGUMUMAN APAPUN DARI PIHAK @PT_Transjakarta  DAN GK ADA SOLUSINYA ğŸ¤¬ https://t.co/9pY9MdXwiG";1;1;0;0;in;461800167;1669669346548019200;fatma_choi;https://twitter.com/fatma_choi/status/1669669346548019200
Fri Jun 16 10:48:39 +0000 2023;1669658240085553152;"Hoi @jaklingko check tapper kalian itu tidak pernah dicek atau gimana sih, setiap tapping masuk kepotong..keluar kepotong dalam satu trip. Petugas di lapangan ga ngerti kalo ditanya. 3.500 perak kalo tiap hari kepotong 2x dalam 1 trip itu sangat ngehek.";0;0;0;0;in;1265981421723631618;1669658240085553152;bulandiawan;https://twitter.com/bulandiawan/status/1669658240085553152
Fri Jun 16 09:33:12 +0000 2023;1669639250663571456;"Tolong dong angkot angkot ini dibikin kayak jaklingko. Tertib gitu loh gak asal ngelanggar perlintasan @ridwankamil @PKSejahtera @jabarprovgoid @golkar_id @airlangga_hrt";0;0;0;0;in;382109433;1669639250663571456;riofeisal;https://twitter.com/riofeisal/status/1669639250663571456
Fri Jun 16 09:15:21 +0000 2023;1669634760258502656;"Setahun naik jaklingko, masih aja sering nemu supir yang beda beda. Makin ngerti kalo watak orang tu beragam bangef";0;0;0;0;in;1079692997334159360;1669634760258502656;cheetahurs;https://twitter.com/cheetahurs/status/1669634760258502656
Fri Jun 16 08:59:14 +0000 2023;1669630704613986305;"@DE_Sapta5 @BangAdiOz Jaklingko ditiru Malaysia https://t.co/dNxBFmkEYE";1;1;7;18;in;1649550458049134592;1669615031624040448;ErsatArema021;https://twitter.com/ErsatArema021/status/1669630704613986305
Fri Jun 16 08:56:18 +0000 2023;1669629965841870848;"@adriansyahyasin Jkt di era anies utk transport gue akuin keren sih dgn dia cetuskan jaklingko krn bener2 helpful bgt";0;7;14;203;in;1372311175065608198;1669556791188021253;anaqnya_mama;https://twitter.com/anaqnya_mama/status/1669629965841870848
Fri Jun 16 07:23:59 +0000 2023;1669606734460248064;"HEMAT ONGKOS HAMPIR 50% DENGAN TARIF INTEGERASI JAKLINGKOâ‰ï¸  Informasi di atas 100$% HOAKSâŒâ›”  Selengkapnya di https://t.co/zIhI51YXi3  #hoaks #jalahoaks #jakarta https://t.co/XRUxYOuAkb";0;0;1;2;in;1240494242503331840;1669606734460248064;jalahoaks;https://twitter.com/jalahoaks/status/1669606734460248064
Fri Jun 16 07:01:19 +0000 2023;1669601027727966209;"coba kartu jaklingko bisa jadi ld eline jaewon angyeong ğŸ˜” https://t.co/yKaWAag9mC";1;0;0;0;in;1652148106354634752;1669601027727966209;loveyjaewon;https://twitter.com/loveyjaewon/status/1669601027727966209
Fri Jun 16 05:47:58 +0000 2023;1669582567744618496;"Padahal dari Lebak Bulus ke Pinang Ranti gampang, tinggal naek 7A turun di Kp. Rambutan terus tinggal naik Jaklingko 19 atau 71 itu ke Pinang Ranti";0;1;0;0;in;1363558228123025413;1669582567744618496;arapdimaklumin;https://twitter.com/arapdimaklumin/status/1669582567744618496
Fri Jun 16 05:20:08 +0000 2023;1669575563290513408;"YA INILAH NEGARA #Indonesia =&gt  NEGARA CARUT MARUT ! INDONESIA IS A CHAOTIC COUNTRY ! #ASN #LURAH #KADES #GUBERNUR #MENTERI #WAMEN #TNI #POLRI #WALIKOTA #RUKUNTETANGGA #RUKUNWARGA #CAMAT #JURUMUDITRANSJAKARTA #JAKLINGKO &amp  #GOJEK #GRAB =&gt  JD MALING ! â¬‡â¬‡â¬‡â¬‡â¬‡â¬‡â¬‡â¬‡â¬‡â¬‡â¬‡â¬‡â¬‡â¬‡â¬‡";0;0;1;1;in;4874930834;1669575563290513408;Cuma_KuLi;https://twitter.com/Cuma_KuLi/status/1669575563290513408
Fri Jun 16 05:17:45 +0000 2023;1669574962972356610;"@PT_Transjakarta Min...kalo jaklingko yg lewat daerah buaran lampu merah Dunkin Donut itu no berapa ya ? Thx";0;3;0;0;in;1294187001734811649;1669205757630492672;woroindarti76;https://twitter.com/woroindarti76/status/1669574962972356610
Wed Jun 14 17:59:16 +0000 2023;1669041830942642177;"@tanyarlfes jaklingko yg angkot/mikrolet itu, byr nya pake kartu jaklingko busway = transjkt, beli tiket cukup tap kartu flazz bc4, emoney, bn1 tap cash, kalo masih bingung bisa tanya @PT_Transjakarta";0;0;0;1;in;198992133;1669033211979251712;tehmanissatu;https://twitter.com/tehmanissatu/status/1669041830942642177
Wed Jun 14 17:27:23 +0000 2023;1669033806886735872;"@tanyarlfes Busway=tj=transjakarta, kaga pake tiket tinggal tap emoney pas masuk dan keluar  Jaklingko kayaknya mah yg angkot itu?";0;0;0;1;in;1644837545052864515;1669033211979251712;cilorenaktauu;https://twitter.com/cilorenaktauu/status/1669033806886735872
Wed Jun 14 17:22:10 +0000 2023;1669032493360750593;"Mau dibikin kek jaklingko juga lier da di bandung mah banyak angkot yang kepemilikannya perorangan~";1;3;0;2;in;1256989499097100289;1669032493360750593;nuggetpedaz;https://twitter.com/nuggetpedaz/status/1669032493360750593
Wed Jun 14 17:20:00 +0000 2023;1669031949690884097;"Hallo @PT_Transjakarta apa ada opsi dari stasiun rajawali ke springhill office tower kemayoran dgn menggunakan jaklingko. Terima kasihğŸ™ğŸ¼";0;1;0;0;in;1462166206652174338;1669031949690884097;pekerjaweb;https://twitter.com/pekerjaweb/status/1669031949690884097
Wed Jun 14 16:07:55 +0000 2023;1669013810219458560;"#KawanJaKita, mau 5 kartu Jaklingko? Yuk, sini ikutan!  Caranya gampang! Screenshot dan jelaskan arti kota Jakarta, dari kata yang kalian dapatkan pada video di atas. Lalu post di stories dan jangan lupa mention dan ajak 3 teman untuk ikutan! https://t.co/Sobg5dsq4w";0;1;0;0;in;1349779426653818881;1669013810219458560;majalahjakita;https://twitter.com/majalahjakita/status/1669013810219458560
Wed Jun 14 15:55:44 +0000 2023;1669010742430023680;"@BahasBus @itdpindonesia Dibikin kayak jaklingko aja";0;0;0;0;in;36348276;1668537142342201344;rakhmat_mulyana;https://twitter.com/rakhmat_mulyana/status/1669010742430023680
Wed Jun 14 15:37:35 +0000 2023;1669006174681960450;"@sutanmangara Tanah abang udah rapi jadi semrawut lagi, pulomas kelapa gading kampung melayu tadinya cepet surut sekarang balik kesebelumnya, janji buat perumahan jadinya rusunawa mana tadinya buat yang umr sekarang minimal gaji 7jt, tp harus diakui program yang bagus jaklingko";0;0;0;0;in;389433969;1668655579609567232;de_coffea;https://twitter.com/de_coffea/status/1669006174681960450
Wed Jun 14 15:10:38 +0000 2023;1668999392697937921;"Apa bedanya ? Listrik vs BBM sama2 macet anjir. urusin noh transportasi umum, jaklingko jalurnya ga lengkap, krl caos, kereta jalurnya banyak belom ke shuttle semua daerah, angkot pedesaan masih belum dapat peremajaan &amp  fasilitas... huh tokai tokai aturan tokai";0;1;0;1;in;1214695274;1668999392697937921;Agungzdy;https://twitter.com/Agungzdy/status/1668999392697937921
Wed Jun 14 14:36:00 +0000 2023;1668990678477553666;"Ya Tuhan terimakasih gw pulang pergi kantor ga harus naek KRL. Cukup jaklingko gratististis dan tydack berdesakan ğŸ™";0;1;0;0;in;748678830;1668990678477553666;injilianastasia;https://twitter.com/injilianastasia/status/1668990678477553666
Wed Jun 14 14:30:33 +0000 2023;1668989304679329793;"@herryf1 Hai Kak. Mohon maaf atas kendala yang dialami, mengenai saldo yang terpotong 2x silahkan laporkan ke nomor Customer Care Jaklingko yang dapat dihubungi : Whatsap : 0812-6000-1440  Phone: 02129223034  Email: custonercare@jaklingkoindonesia.co.id . Terima kasih ^WY";0;0;0;0;in;104556071;1668963584091779073;PT_Transjakarta;https://twitter.com/PT_Transjakarta/status/1668989304679329793
Wed Jun 14 14:30:05 +0000 2023;1668989189054971906;"@FakhrilM Hai Kak. Mohon maaf atas kendala yang dialami, mengenai saldo yang terpotong 2x silahkan laporkan ke nomor Customer Care Jaklingko yang dapat dihubungi : Whatsap : 0812-6000-1440  Phone: 02129223034  Email: custonercare@jaklingkoindonesia.co.id . Terima kasih ^WY";0;0;0;0;in;104556071;1668963098294898689;PT_Transjakarta;https://twitter.com/PT_Transjakarta/status/1668989189054971906
Wed Jun 14 14:08:47 +0000 2023;1668983829791494144;"Aku tiap ngejar jaklingko";0;0;0;0;in;876312103715459072;1668983829791494144;sooyabean_;https://twitter.com/sooyabean_/status/1668983829791494144
Wed Jun 14 13:50:35 +0000 2023;1668979249204588547;"naik jaklingko dr uki, langsung turun sebrang gang rumah ğŸ˜‚ğŸ‘Œ";0;0;0;0;in;243163791;1668979246012801025;saturday938;https://twitter.com/saturday938/status/1668979249204588547
Wed Jun 14 13:19:30 +0000 2023;1668971424260796416;"@tisaizati Hai kak, silahkan naik bus rute 9D turun di Hlate Kuningan barat kemudian dilanjutkan dengan bus koridor 9 arah Pinang Ranti turun di BNN transit dengan bus koridor 7 arah KP.Rambutan dan dilanjutkan dengan layanan jaklingko JAK-73. Terima kasih ^WY";0;0;0;0;in;104556071;1668954604485361665;PT_Transjakarta;https://twitter.com/PT_Transjakarta/status/1668971424260796416
Wed Jun 14 12:26:27 +0000 2023;1668958073787129858;"Berawalan dari gua naik jangliko, gua gak tau kalau jaklingko itu ada pengelihan karena gua sibuk main hp, akhirnya gua dimarahi berhenti tiba-tiba dan supir itu bilang â€hati hati lu mau tanggung jawabâ€ Tanggung jawab apaan dah dalam hati tapi akhirnya gua bilang, â€œsorry bang".";0;0;0;0;in;1546194795424411648;1668958073787129858;ikhrisakbar;https://twitter.com/ikhrisakbar/status/1668958073787129858
Wed Jun 14 12:12:13 +0000 2023;1668954492182867968;"Gajelas bgt nih emg the power of women, jaklingko cuma muat 3 dan 5 org masih aja dipaksa buat 4 &amp  6 org";0;0;0;0;in;728849032315949056;1668954492182867968;haiwardah;https://twitter.com/haiwardah/status/1668954492182867968
Wed Jun 14 11:41:44 +0000 2023;1668946822818328576;"JAM SEGINI MSH DI PS MINGGU, TEBAKTEBAKAN AKU SAMPE RUMAH JAM BERAPA DGN NAIK BASWE + JAKLINGKO DENGAN KEADAAN MACETNYA SIMATUPANG";0;0;0;0;in;1973951048;1668946822818328576;cacuuut;https://twitter.com/cacuuut/status/1668946822818328576
Wed Jun 14 11:39:07 +0000 2023;1668946162559361025;"Mau hemat nunggu jaklingko seabad, berakhir naik angkot pas naik angkot malah ga sampe tujuan. NangisğŸ˜¢ğŸ˜¢ğŸ˜¢ğŸ˜¢";0;0;0;0;in;227227456;1668946162559361025;niarynr;https://twitter.com/niarynr/status/1668946162559361025
Wed Jun 14 11:09:19 +0000 2023;1668938665706532871;"Sumpah sebel banget. Lu tau, sepanjang flyover bintaro gue diklaksonin sama angkot jaklingko jurusan pesanggrahan. Padahal depan gue ada mobil. Dan macet tp masih bisa jalan. Mana flyover kalo dari arah veteran ke bintaro kan aspalnya ada tambalan. Jadi jedak jeduk jalannya.";0;1;0;0;in;2437020356;1668938665706532871;cokeaintequilla;https://twitter.com/cokeaintequilla/status/1668938665706532871
Tue Jun 13 11:38:11 +0000 2023;1668583540454465538;"@PT_Transjakarta @ekose85 Hi jaklingko. Saya tau sih naik ini gratis. Tp masa musti kaya ugal2an gitu nyetirnya ga bisa kah yg bener normal ky pengendara mobil biasanya gt?? bkin mabok bgt";0;1;0;0;in;1480771460062859267;1668107986596687873;mom_dje;https://twitter.com/mom_dje/status/1668583540454465538
Tue Jun 13 11:37:02 +0000 2023;1668583252716826624;"@tempodotco Serius deh jaklingko ngasal bgt nyetirnya lebih parah dr metromini jaman dulu. Mabok banget saya tolong pengemudinya pada udah lulus ujian mengemudi blm ya? Rasanya kaya naik mobil org yg belom punya SIM ngebut. Mabok poll";0;0;0;0;in;1480771460062859267;1666380941860929536;mom_dje;https://twitter.com/mom_dje/status/1668583252716826624
Tue Jun 13 11:26:34 +0000 2023;1668580616294772738;"@caknder Kalo yg jakcard lawas ga bs sam buat jaklingko, yg ane pake ke ragunan buat jogging kemarin itu ga bs krn lawas";0;1;0;0;in;850668408;1668223326278537216;tirtaannas;https://twitter.com/tirtaannas/status/1668580616294772738
Tue Jun 13 11:14:42 +0000 2023;1668577630269083648;"@farmer_georgee @strike_bravo_b Ini bener, jenisnya mungkin banyak dan gratis tapi gak kayak dulu yang baru beberapa menit pergi udah dateng yang baru lagi. Jadi gak bakal nunggu lama  Temen kerja gue ada yang sebenarnya dia bisa pulang naik jaklingko kan enak gratis, tapi dia gak mau karena lama. Mending ojol";0;0;0;0;in;2326672171;1668470841158549505;Syiva_AWd;https://twitter.com/Syiva_AWd/status/1668577630269083648
Tue Jun 13 11:02:34 +0000 2023;1668574578250252288;"@Jaklingko_LA AAMIINNğŸ™ğŸ™ğŸ™ didoakan dari segala sisi";0;0;0;1;in;1645019048718237697;1667874598246051840;comeInyeu;https://twitter.com/comeInyeu/status/1668574578250252288
Tue Jun 13 11:02:19 +0000 2023;1668574515482464256;"@iranamayusanti @PT_Transjakarta @solehsolihun @OmbudsmanRI137 dan jawaban jaklingko malah disuruh hubungi pt transjakarta, bingungin kan, udh sering kepotong 2x aldo saldo ga balik balik, malah di pimpong, padahal seluruh transaksi transjakarta yang mengelola adalah jaklingko";0;0;0;1;in;1400635370782400515;1664843405925441538;talktokiem;https://twitter.com/talktokiem/status/1668574515482464256
Tue Jun 13 11:00:17 +0000 2023;1668574002569424898;"@iranamayusanti @PT_Transjakarta @solehsolihun @OmbudsmanRI137 beberapa kartu sudah saya lapor ke jaklingko via whatsapp di januari dan februari baru diproses kemarin juni tgl 12 jawabannya, ya betul, 3 bulan lebih untuk sekedar mengetahui report saldo terpotong 2x. dan hasil reportnya adalah transaksi yang saya laporkan dicek tidak ada...";0;0;0;0;in;1400635370782400515;1664843405925441538;talktokiem;https://twitter.com/talktokiem/status/1668574002569424898
Tue Jun 13 10:56:14 +0000 2023;1668572982225059841;"@iranamayusanti @PT_Transjakarta @solehsolihun @OmbudsmanRI137 saya kurang lebih sudah 4 kartu elektronik baik yg ada logo jaklingko maupun yg kartu non jakingko, dari flazz gen 2, emoney jaklingko, emoneu non jaklingko, sampe brizzi semuanya pernah terpotong dua kali";0;2;0;0;in;1400635370782400515;1664843405925441538;talktokiem;https://twitter.com/talktokiem/status/1668572982225059841
Tue Jun 13 10:31:43 +0000 2023;1668566813251350533;"@PT_Transjakarta Dulu mesti berlogo jaklingko, smp penumpang di suruh turun kl g ada.";0;0;0;0;in;1571174655817560065;1668107986596687873;ugis1234;https://twitter.com/ugis1234/status/1668566813251350533
Tue Jun 13 10:16:07 +0000 2023;1668562886002876417;"Gila nih jaklingko 115, orang lagi mau masuk angkot dia main jalan aja stress supirny, mana kalo nyupir kenceng banget lagi";0;0;0;0;in;1094636622715318272;1668562886002876417;jaehyunwifeu__;https://twitter.com/jaehyunwifeu__/status/1668562886002876417
Tue Jun 13 10:02:09 +0000 2023;1668559371373285376;"Hallo min @PT_Transjakarta  saya mau nanya untuk jaklingko 14 itu dia putarnya kemana dulu yah soalnyaa saya lama nunggunya di depan kfc dan kenapa saya harus jalan jauh dulu yah untuk ketemu plaang bus stop";0;3;0;0;in;4000583293;1668559371373285376;24_akbar_08;https://twitter.com/24_akbar_08/status/1668559371373285376
Tue Jun 13 09:54:14 +0000 2023;1668557380903374849;"@PT_Transjakarta Rute 1E dari pondok labu. Saya lihat beberapa pengguna kartu jaklingko jg error di mesin tap nya. Tpi pas saya naik ke arah rambutan, udah normal lagi. Mungkin mesin di bus tsb memang sedang error";0;1;0;0;in;1431210979971321859;1668524448667045889;aksadinataa;https://twitter.com/aksadinataa/status/1668557380903374849
Tue Jun 13 09:19:33 +0000 2023;1668548653248811008;"Tolong buat semua supir angkot jaklingko 14 jurusan tanah abang - meruya jika penumpang belum duduk, hendak turun, ingin naik jangan di gas terus dong tetapi berhenti lalu tunggu sampai penumpang benar-benar duduk, turun atau naik @PT_Transjakarta @jaklingkojkt";0;1;0;0;in;1489127605315854336;1668548653248811008;Haiihellohaii;https://twitter.com/Haiihellohaii/status/1668548653248811008
Tue Jun 13 09:07:41 +0000 2023;1668545666300399617;"@rizkiriwil @thedufresne saya pikir Jaklingko belum cukup efektif sebagai bus pengumpan ke Halte TJ. Penggunan jaklingko adalah pengguna angkot sebelumnya. Org org lebih milih naik ojek kalau ke halte.";0;0;0;0;in;69778881;1668458491059793921;EkoTamba;https://twitter.com/EkoTamba/status/1668545666300399617
Tue Jun 13 09:07:27 +0000 2023;1668545608439955456;"@ramdisaagasi @adriansyahyasin Target Dishub DKI kalo gasalah paling lambat 170 trayek angkot brarti 100 persen dilayani Jaklingko di 2025 awal, ampe detik ini malah baru mau 100, ampe akhir tahun maybe 120 trayek. Masih lama banget. Padahal armada kita banyak, cuma ga segera disebar for trayek baru gitu";0;0;0;0;in;2862109627;1668088910872969216;FelixSGL1;https://twitter.com/FelixSGL1/status/1668545608439955456
Tue Jun 13 09:05:11 +0000 2023;1668545035170893826;"@ramdisaagasi @adriansyahyasin Gausah Bodetabek, di Jakarta sendiri aja cakupannya blom merata mas. Blom smua trayek angkot di Jakarta 100 persennya berubah jadi Jaklingko. Kan banyak banget tuh trayeknya. Masih PR besar, mangkanya kenapa Mikrotrans masih gratis, karna targetnya kalo dah smua baru bayar.";0;1;0;0;in;2862109627;1668088910872969216;FelixSGL1;https://twitter.com/FelixSGL1/status/1668545035170893826
Tue Jun 13 08:37:43 +0000 2023;1668538124904058881;"Mana jaklingko kaga bs kalo ga pake kartu";0;1;0;0;in;806486324916023296;1668533615712677888;insignifika;https://twitter.com/insignifika/status/1668538124904058881
Tue Jun 13 08:18:31 +0000 2023;1668533292197625856;"@rizkiriwil @EkoTamba @thedufresne Emang molor ga kelar dalam waktu 5 tahun kepemimpinan kemaren (2017-2022), but biarlah tapi TJ n Dishub sepakat paling lambat awal 2025 smua angkot di Jakarta jadi Jaklingko. Masalahnya yang jadi aneh selama ini manajemen TJ itu sendiri? Kebanyakan Armada ga segera disebar.";0;1;0;0;in;2862109627;1668458491059793921;FelixSGL1;https://twitter.com/FelixSGL1/status/1668533292197625856
Tue Jun 13 08:17:21 +0000 2023;1668532999061917696;"@rizkiriwil @EkoTamba @thedufresne Jaklingko masih blom rata mas. Maksudnya armada banyak tapi ga segera disebar. Dari 170 total trayek angkot yang ada di DKI (sebanyak ntu kan, KWK or Kopamilet), baru separuh lebih dikit ampe detik ini yang dah jadi Jaklingko, kalo gasalah Juli mo launch Jak100, end year baru 120";0;1;0;0;in;2862109627;1668458491059793921;FelixSGL1;https://twitter.com/FelixSGL1/status/1668532999061917696
Tue Jun 13 08:06:41 +0000 2023;1668530314153709568;"@w_i_d_h_i @ngabdul Iyaaa jalanan lebar 5 meter juga rada sulit mas. Mustinya 8 meter sesuai dengan standar minimal jalan kendaraan pada umumnya. Bisa nanti pake Jaklingko (toh smua/kalo 170 trayek angkot dah jadi Jaklingko plannya diterapkan bayar kok sesuai rencana Anies) kek Minitrans-Metrotrans";0;1;0;1;in;2862109627;1668481649892556800;FelixSGL1;https://twitter.com/FelixSGL1/status/1668530314153709568
Tue Jun 13 07:43:22 +0000 2023;1668524448667045889;"@PT_Transjakarta min, kartu jaklingko lagi error ya?? Saya mau tap in kok tulisannya "masalah pada kartu"??";0;1;0;0;in;1431210979971321859;1668524448667045889;aksadinataa;https://twitter.com/aksadinataa/status/1668524448667045889
Tue Jun 13 07:40:46 +0000 2023;1668523790991785984;"pgn nyoba naik jaklingko, katanya gratis kemana aja";0;1;0;0;in;299690980;1668523790991785984;clairdxelune;https://twitter.com/clairdxelune/status/1668523790991785984
Tue Jun 13 06:53:13 +0000 2023;1668511827633016832;"@PT_Transjakarta  @dishubjakartautara @DishubDKI_JKT  Min tambahin donk plang jaklingko di jln re martadinata tepatnya di sebrang jis dan sebrang jalan ketel,karna disitu banyak warga yg memerllukan,karna klo gak ada plangnya di stop pun jaklingko tidak berhenti.txz";0;1;0;0;in;1245429674;1668511827633016832;Hadis86;https://twitter.com/Hadis86/status/1668511827633016832
Tue Jun 13 06:31:11 +0000 2023;1668506282121375744;"@binus_fess kalo pake jaklingko free kok";0;0;0;0;in;1345748307683856392;1668505179354992641;strawb3ery;https://twitter.com/strawb3ery/status/1668506282121375744
Tue Jun 13 06:26:48 +0000 2023;1668505179354992641;"Binus!ian yang pernah naik jaklingko itu kita ngetap pake flazz gitu ya? Dari anggrek ke palmerah bayar berapa?";0;3;1;3;in;1549240669654642688;1668505179354992641;binus_fess;https://twitter.com/binus_fess/status/1668505179354992641
Tue Jun 13 06:16:16 +0000 2023;1668502528877633536;"@RafifFadhlurra4 oalahh berarti kalo grand max jaklingko itu gak ada ketentuan buat wajib ac-nya nyala, balik lagi ke pemilik dan supir jaklingko?";0;1;0;0;in;1010874171570601984;1668218684492648448;starshlpzwonjin;https://twitter.com/starshlpzwonjin/status/1668502528877633536
Tue Jun 13 05:47:26 +0000 2023;1668495271964336128;"@bbeanatang Jaklingko itu sopirnya pd digaji, gapok UMP DKI + ada tunjangan buat anak kalo gak salah.  Untuk angkotnya, skemanya tuker guling. Angkot lama dibeli Â½ harga pasar, sopir dapat angkot baru.  Minusnya kalo dari sisi sopir, ga bisa dapet ceperan dari charter.";0;0;0;0;in;40480772;1668446542934732802;SimplyRaka;https://twitter.com/SimplyRaka/status/1668495271964336128
Tue Jun 13 05:46:08 +0000 2023;1668494944187879424;"gue pernah SEHARIAN dari jaklingko-transjakarta-kantor-transjakarta-jaklingko nemu AT LEAST 1 orang pake baccarat rouge ya Allah lama2 idung gue yang berkarat";0;0;0;1;in;1608870070436134912;1668494942069735424;zettazett;https://twitter.com/zettazett/status/1668494944187879424
Tue Jun 13 05:34:55 +0000 2023;1668492119902916608;"@tirtaannas kalau kartu KB. Ragunan itu dari dulu bisa untuk jaklingko atau barusan ini aja bareng sama kartu bank lain sam?";0;1;0;0;in;62849958;1668223326278537216;caknder;https://twitter.com/caknder/status/1668492119902916608
Tue Jun 13 05:15:56 +0000 2023;1668487344079654914;"Elo kan yang nyamar jadi tukang supir angkot jaklingko12 itu...dan buat kaga nyaman ke gw..Dan sengaja gw kaga boleh naik jaklingko waktu habis berhimpun kemarin..,Gw di gedeg di santet 22 tahun, kampret...";0;0;0;0;in;1648129099955859456;1668487344079654914;MerySitoru9745;https://twitter.com/MerySitoru9745/status/1668487344079654914
Tue Jun 13 04:59:24 +0000 2023;1668483185142034432;"@strike_bravo_b Dulu ngantor di Klp Gading Ojek ke busway 12k Busway PP 7k Ojek ke kantor 12k Kantor ke busway 12k  Naek ojek krn kantor ga terjangkau jaklingko  Totalnya  43k sehari ğŸ˜‚ Naek motor isi bensin 40rebu bisa buat 3 hari PP";0;0;0;1;in;89879481;1668470841158549505;bandacatturas;https://twitter.com/bandacatturas/status/1668483185142034432
Tue Jun 13 04:57:44 +0000 2023;1668482763681591301;"@strike_bravo_b karena ekonomis, naek TJ memang 3500, tp ojek dari rumah ke halte, dari halte ke kantornya dan PP ini yg mahal buat yg kantornya ga dilewatin angkot / jaklingko";0;0;1;5;in;45535055;1668470841158549505;Kahfiardi;https://twitter.com/Kahfiardi/status/1668482763681591301
Tue Jun 13 04:53:44 +0000 2023;1668481756272689152;"@MarahIchsan Ada yang ketar-ketir wkwkwk Sumpah kalo transportasi depok berubah minimal bisa kayak Jaklingko aja, asli enak banget pasti";0;3;0;23;in;574235012;1668273423133335552;maunaikpangkat;https://twitter.com/maunaikpangkat/status/1668481756272689152
Tue Jun 13 04:25:57 +0000 2023;1668474763344494592;"@LeonardEricLie Kata Anies nunggu sampe smua trayek angkot di Jakarta yang kurleb 170an bisa berubah jadi Jaklingko, kalo gasalah sekarang udah nembus Jak100 n ampe akhir tahun akan ada 120-130 trayek lah brarti Jak130 ya paling lambat awal 2025 lah. Moga2, jadi kalo udah 100 persen, ada tarif";0;1;0;1;in;2862109627;1668467026766213122;FelixSGL1;https://twitter.com/FelixSGL1/status/1668474763344494592
Tue Jun 13 03:38:12 +0000 2023;1668462749620527106;"@EkoTamba @thedufresne Transportasi hingga ke jalan milik kota mungkin ya. Untuk di beberapa wilayah DKI sudah ada jaklingko. Tapi daerah pendukung belum.";0;2;0;0;in;198405809;1668458491059793921;rizkiriwil;https://twitter.com/rizkiriwil/status/1668462749620527106
Tue Jun 13 03:31:46 +0000 2023;1668461127972577281;"@fundameeental kalo di jakarta masalah ini udah beres, angkot sekarang gratis (jaklingko) yg jadi masalah di mindset nya";0;0;0;0;in;1474403931937652737;1668272142851399681;capsaicn;https://twitter.com/capsaicn/status/1668461127972577281
Tue Jun 13 03:29:34 +0000 2023;1668460576404656128;"@hxxbino Hai kak. Mohon maaf atas kendala yang dialami, mengenai saldo terpotong 2 kali, silakan laporkan ke nomor Customer Care JakLingko yang dapat di hubungi : ğŸ“± (Whatsapp) : 0812-6000-1440 â˜ï¸ (Phone) : 021-29223034 ğŸ“© (Email) : customercare@jaklingkoindonesia.co.id. Terima kasih ^WY";0;0;0;0;in;104556071;1668445241534464001;PT_Transjakarta;https://twitter.com/PT_Transjakarta/status/1668460576404656128
Tue Jun 13 03:16:40 +0000 2023;1668457329724121088;"@harusikx Tapi aku jadi ragu kak kalo sekarang wkwkwkwk. Soalnya banyak yg protes kalo kartu jaklingko ga bisa dipake lah, susah ditopup lah :(";0;1;0;0;in;416767609;1663565274086522883;nalghfr;https://twitter.com/nalghfr/status/1668457329724121088
Tue Jun 13 02:59:20 +0000 2023;1668452968230957057;"Info beli Jaklingko versi BCA Flazz dong gaesâ€¦ğŸ«°ğŸ»";0;2;0;0;in;64157752;1668452968230957057;umenumen;https://twitter.com/umenumen/status/1668452968230957057
Tue Jun 13 02:50:03 +0000 2023;1668450629830983680;"@RachmanYanuar @unjsecret Jaklingko?";0;0;0;1;in;251579668;1668191407776092166;S_Arbain;https://twitter.com/S_Arbain/status/1668450629830983680
Tue Jun 13 02:33:48 +0000 2023;1668446542934732802;"That's why jaklingko supremacy, sopir kenek udah gak ngejar setoran lagi (kali, gw gak tau cara kerjanya gimana)  Intinya selain dari keinginan warga, harus juga ada dorongan dari pemerintah untuk menyediakan fasum-nya, dan kebijakanÂ² yang mendukung penggunaan transum.";0;2;1;5;in;1063751658969001984;1668446542934732802;bbeanatang;https://twitter.com/bbeanatang/status/1668446542934732802
Tue Jun 13 02:30:37 +0000 2023;1668445741407436800;"@fundameeental banyak angkot/lyn yang punya itu perseorangan bukan swasta yg stable atau dikelola pemerintah. makanya supir angkotnya sesuka2 mereka sendiri, dan dishubnya jg gak ngerasa butuh ngatur mereka.  kalo misal angkot modern ky jaklingko/wirawiri suroboyo itu bisa disebut udh layak";0;1;0;0;in;1278269892882337792;1668272142851399681;koganenohikari;https://twitter.com/koganenohikari/status/1668445741407436800
Tue Jun 13 01:54:29 +0000 2023;1668436647627853824;"Berasa udah lama ga naik jaklingko https://t.co/oGOCuFTkv5";0;0;0;0;in;1011941204441776130;1668436647627853824;onqah;https://twitter.com/onqah/status/1668436647627853824
Tue Jun 13 01:41:16 +0000 2023;1668433321355870211;"Min  @PT_Transjakarta ini cek bustop jaklingko yang bener di mana ya? Ada tutorialnya ga? Pake moovit ga akurat, pake apps tije ga ketemu menunya. Bikin emosi asli ditolak jaklingko berkali2 gara2 ikut bustop di aplikasi moovit tapi jaklingkonua cuma mau brenti di bustop doang.";0;2;0;2;in;103788474;1668433321355870211;kepakkepik;https://twitter.com/kepakkepik/status/1668433321355870211
Tue Jun 13 01:37:19 +0000 2023;1668432326404239360;"@lutfiprayogi @gibsgibgib @adriansyahyasin yoi jalan kaki 15km ke stasiun yang jalannya gak ramah sepeda &amp  kudu 2 kali ganti jaklingko";1;0;0;4;in;1081833533306355712;1668088910872969216;chika_rizkia;https://twitter.com/chika_rizkia/status/1668432326404239360
Tue Jun 13 01:28:59 +0000 2023;1668430229210304513;"@PT_Transjakarta Min berarti atm dki yg merah itu beneran bisa? Ga usah pake kartu jaklingko?";0;2;0;0;in;1287774138283638796;1668107986596687873;turudikit;https://twitter.com/turudikit/status/1668430229210304513
Tue Jun 13 00:21:40 +0000 2023;1668413288651079680;"@Imyourpeace6 Hai kak. Mohon maaf atas kendala yang dialami, mengenai saldo terpotong 2 kali, silakan laporkan ke nomor Customer Care JakLingko yang dapat di hubungi : ğŸ“± (Whatsapp) : 0812-6000-1440 â˜ï¸ (Phone) : 021-29223034 ğŸ“© (Email) : customercare@jaklingkoindonesia.co.id. Terima kasih ^WY";0;3;0;0;in;104556071;1668411923564724224;PT_Transjakarta;https://twitter.com/PT_Transjakarta/status/1668413288651079680
Mon Jun 12 23:41:50 +0000 2023;1668403266449977345;"Radio wajib JakLingko : 93.2 Hot FM. Nama radionya aja udh kya gtu, kebayang dong lagu2nya gimanaağŸ˜†";0;0;0;0;in;84856482;1668403266449977345;TriantiKartika;https://twitter.com/TriantiKartika/status/1668403266449977345
Mon Jun 12 20:23:15 +0000 2023;1668353288268546048;"bro wml besok akan coba jaklingko lg kalo masih salah this proves how fucking stupid i am bro";0;0;0;0;in;1156130442;1668353288268546048;marugaem;https://twitter.com/marugaem/status/1668353288268546048
Mon Jun 12 20:17:28 +0000 2023;1668351834090790912;"@PT_Transjakarta Beberapa bukan lalu naik jaklingko di depan stasiun lenteng agung. Tap pakai flazz gak bisa, malah dimarahin sama sopir";0;1;0;0;in;1234400472074637313;1668107986596687873;jekimargonda;https://twitter.com/jekimargonda/status/1668351834090790912
Mon Jun 12 19:50:52 +0000 2023;1668345141847810055;"@huuyeay Hai kak, untuk pembelian kartu Jaklingko  dapat dilakukan di halte Transjakarta yang sudah tersedia Vending machine. Berikut lokasi vending machine yang tersedia di halte Transjakarta.  https://t.co/Y7csPgjQAD. Terima kasih ^MB";0;0;0;1;in;104556071;1668107986596687873;PT_Transjakarta;https://twitter.com/PT_Transjakarta/status/1668345141847810055
Mon Jun 12 18:17:39 +0000 2023;1668321680098459651;"@adriansyahyasin easy kalau u livin di jkt kalau transport umum macam tj, krl, jaklingko, mrt, sama lrt okelah. Tapi coba u orang bekasi liat angkot yg dri dulu ngga pernah diimprove, mank dari rumah ke halte atau stasiun paling feasible bawa motor trus dititip seharian (ada jasa dan tempatnya)";0;1;0;0;in;1079293302715740160;1668088910872969216;AmanNagari;https://twitter.com/AmanNagari/status/1668321680098459651
Mon Jun 12 18:03:59 +0000 2023;1668318240978898945;"12.06.23 . Suatu hari memahami rute angkot jaklingko. sungguh berfaedah ya!";0;0;0;1;in;719663336;1668318240978898945;anakkosanputri;https://twitter.com/anakkosanputri/status/1668318240978898945
Mon Jun 12 16:37:48 +0000 2023;1668296554812432384;"@NamaTuiter @sonnyNtheOlsen2 @stelacnau @aniesbaswedan Bener komen sebelumnya, jaklingko, ruang terbuka publik, trotoar lebar, pelican crossing alih-alih JPO, ini kelihatan sederhana, tapi kerasa banget manfaatnya. Dan ga semua gubernur punya political willingness ke arah sana kan. Yang dulu2 sukanya bikin toooool terus di dalam kota";0;0;0;4;in;1634812333;1668061854634217472;kjokkenmodinge;https://twitter.com/kjokkenmodinge/status/1668296554812432384
Mon Jun 12 16:13:54 +0000 2023;1668290537705840640;"indahnya hidupku, LRT Jaklingko Busway pulang pergi gaweğŸ¥²";0;0;0;1;in;1381137755799875584;1668290537705840640;clingyygurllll;https://twitter.com/clingyygurllll/status/1668290537705840640
Mon Jun 12 16:13:29 +0000 2023;1668290434844749825;"@flixyamerta @PT_Transjakarta iyaa benerr!! dulu awal thn flazz msh gabisa:( makanya gue beli kartu jaklingko:') eh tp ternyata udh bisa ternyataa";0;0;0;1;in;1014529005049921536;1668107986596687873;littledahyunie;https://twitter.com/littledahyunie/status/1668290434844749825
Mon Jun 12 16:09:48 +0000 2023;1668289506536222721;"Koridor 9 itu padet banget loh, apalagi jam pp kerja Koridor 9c kosong plong sekali lewat semanggi juga udah keisi penuh Belum lagi kereta, jaklingko (ini membantu kalau mau ke halte, tapi jam pagi langka banget sekalinya muncul udah penuh) Alias emang Jkt nya aja yg overpoluasi";0;0;0;0;in;1291895574917083136;1668288161544552448;beatslowly;https://twitter.com/beatslowly/status/1668289506536222721
Mon Jun 12 15:29:29 +0000 2023;1668279360338419712;"@lentapsd Iya benar kak, apabila pelanggan menggunakan kartu ber Logo Jaklingko, akan berlaku tarif Integrasi selama perpindahan antar bus Transjakarta tidak melebihi 3 Jam. Pastikan melakukan Tap Out agar terbaca sistem. Terima kasih ^ZL";0;0;0;0;in;104556071;1668107986596687873;PT_Transjakarta;https://twitter.com/PT_Transjakarta/status/1668279360338419712
Mon Jun 12 14:51:57 +0000 2023;1668269914384105475;"nunggu jaklingko otw memantau proyek https://t.co/X8pultSP52";0;0;0;0;in;546523832;1668269914384105475;megaatikaa;https://twitter.com/megaatikaa/status/1668269914384105475
Mon Jun 12 14:38:36 +0000 2023;1668266557695303695;"Jaklingko kartunya ğŸ‘‡ğŸ‘‡";0;0;0;0;in;1370937024;1668266557695303695;Ferryblacky2017;https://twitter.com/Ferryblacky2017/status/1668266557695303695
Mon Jun 12 14:20:04 +0000 2023;1668261892899454983;"@JaklingkoID_ @PT_Transjakarta yth jaklingko ini saya dpt history transaksi dr cust care transjakarta jd ada sistem error pada saat tap in di halte tosari jd saldo e-money saya terpotong Rp 3,500. Apa bisa di refund saldo saya yg terpotong 2 kali? https://t.co/L9jX3hRhJP";0;0;0;0;in;2418984673;1668261892899454983;roti2606;https://twitter.com/roti2606/status/1668261892899454983
Mon Jun 12 13:57:49 +0000 2023;1668256294027898882;"@greyaskyungsoo @PT_Transjakarta Dari sepengalaman saya, Kartu berlogo jaklingko pakai skema tarif OkOtrip (beda dan ngga bisa digabung sama tarif integrasi).  Coba pakai kartu lain saja lalu ditempel ke alat BCT (yang warna hitam) yang ada di halte untuk dapat tarif integrasi.";0;0;0;0;in;1476152982743908352;1668204162058973184;dylan__ms;https://twitter.com/dylan__ms/status/1668256294027898882
Mon Jun 12 13:34:07 +0000 2023;1668250326158446592;"@literarybase Perpus tim, nder, tinggal ke st cikini terus bisa jalan kaki lurus aja, baliknya bisa jaklingko. Taman literasi blok m juga bisa kalau lagi jam sepinya, turun sudirman lanjut mrt turn di mrt blok m, sebelahnya udah taman literasi, perpusnya jg bisa tp lanjut ojol dr stasiunn";1;4;0;1;in;1572680803653648384;1668249291364737026;pancaroonas;https://twitter.com/pancaroonas/status/1668250326158446592
Mon Jun 12 13:35:16 +0000 2023;1668250619214286849;"@greyaskyungsoo Hai kak, kartu berlogo Jaklingko bisa kaka dapatkan di Vending Machine yang terdapat dihalte - halte Transjakarta dan juga dapat melakukan Top up pada Vending Machine. Terima kasih ^DPS";0;0;0;0;in;104556071;1668204162058973184;PT_Transjakarta;https://twitter.com/PT_Transjakarta/status/1668250619214286849
Mon Jun 12 13:46:56 +0000 2023;1668253553813516290;"alhamdulillah kejawab gue sampe bingung yg pernah denger cerita jaklingko cuma buat orang jakarta";0;0;0;0;in;1377073055248248832;1668253553813516290;subaklee99;https://twitter.com/subaklee99/status/1668253553813516290
Mon Jun 12 13:19:52 +0000 2023;1668246740452130816;"@elisa_jkt @adlynalin mungkin lebih ke fasilitas Transportasi Umum yang beragam ya (Jaklingko, Transjakarta, Stasiun) yang deket saya sih mau";0;0;0;0;in;1492431511957962752;1667826610840694784;purpleprop;https://twitter.com/purpleprop/status/1668246740452130816
Mon Jun 12 13:14:20 +0000 2023;1668245349360869382;"@PT_Transjakarta Admin buat dapet kartu jaklingko harus kemana ta";0;1;0;0;in;1044625759686483968;1668107986596687873;huuyeay;https://twitter.com/huuyeay/status/1668245349360869382
Mon Jun 12 13:04:56 +0000 2023;1668242984268079105;"@LadyNovaliaaa Hai kak. Mohon maaf atas kendala yang dialami, mengenai saldo terpotong 2 kali, silakan laporkan ke nomor Customer Care JakLingko yang dapat di hubungi : ğŸ“± (Whatsapp) : 0812-6000-1440 â˜ï¸ (Phone) : 021-29223034 ğŸ“© (Email) : customercare@jaklingkoindonesia.co.id. Terima kasih ^RZK";0;0;0;0;in;104556071;1668203561023606784;PT_Transjakarta;https://twitter.com/PT_Transjakarta/status/1668242984268079105
Mon Jun 12 12:52:59 +0000 2023;1668239977115979781;"@adriansyahyasin Dan gw orang yang suka banget naik transum, cuma masalahnya halte busway ke rumah gw mayan jauh, klo naik angkot lamanya bukan maen, tua dijalan, naik jaklingko belum ke cover rutenya di depan rumah.   So motor adalah opsi terbaik dan efektif untuk saat ini";0;0;0;0;in;789182414;1668088910872969216;Navilleraaaaaa;https://twitter.com/Navilleraaaaaa/status/1668239977115979781
Mon Jun 12 12:32:53 +0000 2023;1668234918001012738;"@CommuterLine @KAI121 min pintu selatan st tanah abang yg akses ke jaklingko knp ditutup setelah jam 5. Padahal sy yg pulang malam masih membutuhkan akses untuk naik jaklingko.";0;3;0;0;in;873490041074360320;1668234918001012738;grandagatha;https://twitter.com/grandagatha/status/1668234918001012738
Mon Jun 12 12:32:02 +0000 2023;1668234705706131460;"@vaniafritz Hai kak, kartu berlogo Jaklingko bisa kaka dapatkan di Vending Machine yang terdapat dihalte - halte Transjakarta dan juga dapat melakukan Top up pada Vending Machine. Terima kasih ^LM";0;1;0;0;in;104556071;1668107986596687873;PT_Transjakarta;https://twitter.com/PT_Transjakarta/status/1668234705706131460
Mon Jun 12 12:30:18 +0000 2023;1668234266453626885;"Jaklingko juga dibuat sebagai aksi merangkul Anies untuk mempermudah warga DKI yang rutin menggunakan transportasi umum";0;0;0;0;in;1152156860184576002;1668234266453626885;bbri97vc;https://twitter.com/bbri97vc/status/1668234266453626885
Mon Jun 12 12:21:52 +0000 2023;1668232146581098496;"@PT_Transjakarta serius dah mesin kalian knpa si? susah bgt buat beli jaklingko. kalo ga kartunya habis, scan qris gabisa, bayar cash uangnya ga kebaca. mending balikin aja dah ke awal. petugas sama pengguna yg transaksi. gausah pake mesin-_";0;1;0;0;in;2478219246;1668232146581098496;sannral;https://twitter.com/sannral/status/1668232146581098496
Mon Jun 12 12:18:05 +0000 2023;1668231194788630528;"@PT_Transjakarta klo jaklingko pakai e-money mandiri / brizzi bri bisa gak?";0;0;0;0;in;69098972;1668107986596687873;ekose85;https://twitter.com/ekose85/status/1668231194788630528
Mon Jun 12 12:15:41 +0000 2023;1668230590821462016;"Kok jaklingko yg di foto lucu ada tulisan geraknya..... Ini daerah mana deh yg mobilny dah kea gitu";0;0;0;0;in;1252491826449117184;1668230590821462016;from94to02;https://twitter.com/from94to02/status/1668230590821462016
Mon Jun 12 12:12:39 +0000 2023;1668229825042202629;"gue tu gamau ngeluh karna tj tp ASLI YA CAPEK BET MO BELI JAKLINGKO AJA SUSAH. gmna si mesinnya gaada yg bisa. qris bayar gabisa, pake uang baru gamau, heran  mending balik awal aja dah sistem beli kayak dlu ke petugasnya langsung. capek bgt dri kmrn.";0;0;0;1;in;2478219246;1668229825042202629;sannral;https://twitter.com/sannral/status/1668229825042202629
Mon Jun 12 12:06:00 +0000 2023;1668228150978048001;"@PT_Transjakarta Kapan kartu jaklingko versi emoney keluar lagi?";0;0;0;0;in;74393584;1668107986596687873;agussetiono;https://twitter.com/agussetiono/status/1668228150978048001
Mon Jun 12 12:04:02 +0000 2023;1668227659074277377;"@KarimAbdullah skrg angkot jadi barbar, banyak scam. macam kopaja jaman dulu.  klo udah keburu bobrok, ya emang harus pemerintah bantu. kayak awal busway oleh bang yos. KRL jg dibenerin. angkot jakarta digandeng jaklingko.";0;0;0;0;in;56660792;1668088910872969216;koyimatu;https://twitter.com/koyimatu/status/1668227659074277377
Mon Jun 12 11:59:28 +0000 2023;1668226510027898881;"Program Jaklingko adalah bentuk sikap merangkul Anies dalam menangani kemacetan jakarta";0;0;0;0;in;1574326767451770880;1668226510027898881;Sushioyishy;https://twitter.com/Sushioyishy/status/1668226510027898881
Mon Jun 12 11:56:36 +0000 2023;1668225787470938112;"@PT_Transjakarta Min, klo mo beli FLAZZ yg ada logo JakLingko dmn ya? Keliling2 halte selalu habis. Tks";0;3;0;0;in;117607100;1668107986596687873;tri_moel;https://twitter.com/tri_moel/status/1668225787470938112
Mon Jun 12 11:56:13 +0000 2023;1668225691626913793;"@_springsnow9 @sociamedial nah ituuu awalnya aku taunya cuma pake kartu jaklingko, makanya masih maju mundur mau nyobain  skrg udah clear kartu apa aja yang bisa dipake, jadi bolelaah kita coba hehee";0;1;0;0;in;1393916146563248128;1668198176707477507;rantingyayaya;https://twitter.com/rantingyayaya/status/1668225691626913793
Mon Jun 12 11:54:41 +0000 2023;1668225306342334464;"@karirfess mungkin bisa naik jaklingko nder, karena lumayan nder jaraknya, kalo mau jalan pagi enak nder, kalo siang panas bgt";0;0;0;1;in;818740628808794114;1668224179890720768;tudoiscroire;https://twitter.com/tudoiscroire/status/1668225306342334464
Mon Jun 12 11:45:28 +0000 2023;1668222987248492545;"@asyamilei Hai kak. Mohon maaf atas kendala yang dialami, mengenai saldo terpotong 2 kali, silakan laporkan ke nomor Customer Care JakLingko yang dapat di hubungi : ğŸ“± (Whatsapp) : 0812-6000-1440 â˜ï¸ (Phone) : 021-29223034 ğŸ“© (Email) : customercare@jaklingkoindonesia.co.id. Terima kasih ^RZK";0;0;0;0;in;104556071;1668184858588495873;PT_Transjakarta;https://twitter.com/PT_Transjakarta/status/1668222987248492545
Mon Jun 12 11:42:27 +0000 2023;1668222226188075008;"@PT_Transjakarta Min kalo yg tap kedua kali cuma seharga 1500, ttp cuma kartu jaklingko ya?";0;1;0;0;in;900574009426755584;1668107986596687873;lentapsd;https://twitter.com/lentapsd/status/1668222226188075008
Mon Jun 12 11:42:09 +0000 2023;1668222152250896385;"@mi68837822 @PT_Transjakarta Jaklingko masih wajib kayanya (emang beda sendiri) kemarin ditegur galak banget sama pak sopir gara gara gak pakai masker (padahal bawa, cuma belum dipakai aja).";0;0;0;1;in;158702706;1667767651756810245;laceri92;https://twitter.com/laceri92/status/1668222152250896385
Mon Jun 12 11:38:02 +0000 2023;1668221113707687936;"@adriansyahyasin Perlu pembaharuan dan perbanyak rute2 kecil yang dapat mengakses masyarakat didekat pemukiman. Jaklingko awalan yg baik, tetapi masih banyak yg harus di benahi dari segala instrumen agar moda transportasi umum ini dapat berjalan dengan baik";0;0;0;0;in;1545006730140327936;1668088910872969216;forxl_;https://twitter.com/forxl_/status/1668221113707687936
Mon Jun 12 11:34:56 +0000 2023;1668220336540901376;"@NuBraveIN Jaklingko, soalnya gratis ğŸ¤£";0;0;0;0;in;67182655;1668205250510028808;Akumauwon;https://twitter.com/Akumauwon/status/1668220336540901376
Mon Jun 12 11:33:27 +0000 2023;1668219960693510148;"@PT_Transjakarta Hampir semua jurusan jaklingko pengemudi mikrotrans ugal-ugalan. Jadi tidak perlu dicatat nomor body dan lain-lain. Tidak perlu penindakan. Yang diperlukan adalah pemahaman dari pengemudi bagaimana mengemudikan kendaraan umum di jalanan. Karena mereka kan bukan angkot regular.";0;0;0;1;in;1646559047972442112;1668107986596687873;melakumelayu;https://twitter.com/melakumelayu/status/1668219960693510148
Mon Jun 12 11:24:54 +0000 2023;1668217810995257349;"@adriansyahyasin Belum lagi durasi antara aku jalan kaki dari rumah menuju halte jaklingkodan durasi menunggu yg tidak pasti kalau aku harus menuju TJ menggunakan jaklingko (yg tentu saja tdk lgsg ke halte)  bisa2 menghabiskan lebih dr 40 menit hanya untuk menuju halte TJ";0;1;0;0;in;1545006730140327936;1668088910872969216;forxl_;https://twitter.com/forxl_/status/1668217810995257349
Mon Jun 12 11:09:45 +0000 2023;1668213999182413830;"@PT_Transjakarta Tp kartu Flazz BCA saya gk ada tulisan Jaklingko min? Edisi baru ya?";0;1;0;0;in;1515153259668770819;1668107986596687873;Blackred262626;https://twitter.com/Blackred262626/status/1668213999182413830
Mon Jun 12 10:53:19 +0000 2023;1668209861535092742;"@tanyarlfes jaklingko masi hrs pakeğŸ™‡â€â™€ï¸ğŸ™‡â€â™€ï¸";0;0;0;0;in;1379134493068460033;1667488029307719680;bonatttt;https://twitter.com/bonatttt/status/1668209861535092742
Mon Jun 12 10:52:12 +0000 2023;1668209581611204608;"@PT_Transjakarta @risqhi Di mana bisa dapet kartu jaklingko";0;1;0;0;in;1012896451;1668107986596687873;ayumifeminin;https://twitter.com/ayumifeminin/status/1668209581611204608
Mon Jun 12 10:46:12 +0000 2023;1668208071443902466;"@NuBraveIN Jaklingko";0;0;0;0;in;1627881512476737541;1668205250510028808;gerrymaulanna;https://twitter.com/gerrymaulanna/status/1668208071443902466
Mon Jun 12 10:30:40 +0000 2023;1668204162058973184;"@PT_Transjakarta min mau tanya kalau beli kartu jaklingko langsung di halte apa sudah langsung kedaftar tarif integrasi?";0;2;0;0;in;1277269618315243521;1668204162058973184;greyaskyungsoo;https://twitter.com/greyaskyungsoo/status/1668204162058973184
Mon Jun 12 10:28:29 +0000 2023;1668203610071793664;"@PT_Transjakarta Buat jaklingko M35/ JAK23 yang deket pasar genjing please taro bus stop arah senen tuh yang samping halte busway pasar genjing banget gitu loh. Ini orang dari naik tj mesti jalan kaki dulu jauh baru bisa naik. Katanya kan integrasi";0;1;0;0;in;1617274465;1668166123962114049;itsheryl21;https://twitter.com/itsheryl21/status/1668203610071793664
Mon Jun 12 10:16:56 +0000 2023;1668200706661298177;"@PT_Transjakarta mau naik di plamerah. jak 11/12 lupa waktu itu udah agak lama tapi yaudahlah biar ga ribet setelah itu nyesuaiin aja pake kartu yg jaklingko beli baru -_-";0;0;0;0;in;3187699934;1668107986596687873;ciboyss;https://twitter.com/ciboyss/status/1668200706661298177
Mon Jun 12 10:12:21 +0000 2023;1668199552103645187;"@PT_Transjakarta jaklingko udah bebas gapake masker kah? Tadi saya naik jaklingko supirnya ga pake masker?";0;1;0;0;in;1523926981556940800;1668199552103645187;azareuy;https://twitter.com/azareuy/status/1668199552103645187
Mon Jun 12 10:02:52 +0000 2023;1668197166047973376;"@PPDBDKI1 min tanya dong kalau hanya terdaftar di DTKS saja bukan anak dari pengumi jaklingko atau pemegang KPJ apa bisa ikut daftar Jalur afirmasi kedua terima kasih ğŸ™";0;0;0;0;in;749625956726300672;1668053792242417669;TiwieArella;https://twitter.com/TiwieArella/status/1668197166047973376
Mon Jun 12 10:01:34 +0000 2023;1668196837894004737;"recap perjalanan pulang hari ini : w habis asal naik jaklingko trs diceramahi pak supirnya lalu jadi diajarin adat istiadat karena smsm batak, disuruh manggil tulang, kurleb nasehatnya sama kek bapak saya :') tbtb berasa ngomong sama tulang beneran anjir";0;0;0;0;in;1249331243646246913;1668196837894004737;clayrain_;https://twitter.com/clayrain_/status/1668196837894004737
Mon Jun 12 10:01:35 +0000 2023;1668196842218332160;"Agak annoying nih angkot2 ini ngetem di bus stop Jaklingko krn akhirnya jaklingkonya jd ga mau berhenti kalau ada angkot2 ini. @PT_Transjakarta https://t.co/PwhqrBMif3";0;0;0;1;in;113093830;1668196842218332160;Bl3ss3dSoul;https://twitter.com/Bl3ss3dSoul/status/1668196842218332160
Mon Jun 12 09:43:08 +0000 2023;1668192200520519680;"@PT_Transjakarta Min, kartu jaklingko bisa didapat di mana ya? Untuk pengisiannya lewat mana?";0;1;0;0;in;374436945;1668107986596687873;vaniafritz;https://twitter.com/vaniafritz/status/1668192200520519680
Mon Jun 12 09:25:52 +0000 2023;1668187855913639936;"Supir jaklingko gue selera musiknya bagus euy";0;0;0;0;in;1519263532671324160;1668187855913639936;funkymoney0;https://twitter.com/funkymoney0/status/1668187855913639936
Mon Jun 12 08:39:44 +0000 2023;1668176244524060672;"@PT_Transjakarta Trus beli kartu ini dgn logo jaklingko ini? Tq";0;1;0;0;in;327180544;1668107986596687873;melanitf;https://twitter.com/melanitf/status/1668176244524060672
Mon Jun 12 08:38:27 +0000 2023;1668175922007273474;"@PT_Transjakarta Selamat sore bapak/ibu. Saya ingin bertanya, apakah jika kita naik Jaklingko turunnya harus di halte? Atau boleh turun di mana saja? Terima kasih.";0;1;0;0;in;1362396721905475586;1668175922007273474;yejitzyss;https://twitter.com/yejitzyss/status/1668175922007273474
Mon Jun 12 08:35:10 +0000 2023;1668175096224296961;"@PT_Transjakarta Maksudnya kartu yg gak ada logo jaklingko bisa dipakai juga kan??";0;1;0;0;in;753271524;1668107986596687873;MamanSupratman7;https://twitter.com/MamanSupratman7/status/1668175096224296961
Mon Jun 12 08:31:55 +0000 2023;1668174275084455938;"@auralave @PT_Transjakarta kalau saran aku mendingan beli kartu Jaklingko bank lain yang tersedia di vending machine di shelter busway karena kadang nggak smua vending machine ada ready stok kartu. di marketplace kayak shop** juga harus rajin nanya stok langsung ke sellernya baru CO.";0;1;0;0;in;77398432;1668107986596687873;meg_1916;https://twitter.com/meg_1916/status/1668174275084455938
Mon Jun 12 08:27:42 +0000 2023;1668173214684680192;"@PT_Transjakarta Tolong pramudi jaklingko diberikan training lagi soal mengemudi. Belakangan banyak yang kebut-kebutan. Padahal apa yg dikejar? Kan tdk ada setoran.  Atau bisa juga kecepatannya dikunci maksimum 50km/jam. Karena banyak penumpang yg lansia. Kasihan ajrut2an di dalam angkot.";0;5;0;0;in;1646559047972442112;1668107986596687873;melakumelayu;https://twitter.com/melakumelayu/status/1668173214684680192
Mon Jun 12 08:25:52 +0000 2023;1668172753768435712;"Boleh lepas masker di angkutan umum Jakarta? Kamu tim mana nih?   #pakaimasker #lepasmasker #dishubjakarta #jaklingko #transjakarta #mrt #dishubdki #kemenhub #krl #commuterline #aturanmasker https://t.co/qXYdmc3ZEm";0;0;0;0;in;2393930923;1668172753768435712;lensaRTV;https://twitter.com/lensaRTV/status/1668172753768435712
Mon Jun 12 08:25:37 +0000 2023;1668172690639708161;"@AlfiawanN Hai Kak. Pembayaran pada halte-halte Transjakarta selain dengan menggunakan kartu flazz, emoney, brizzi, tapcash, jakcard, kartu berlogo Jak Lingko bisa juga menggunakan Tiket QR (aplikasi Tije) dan aplikasi JakLingko. Terima kasih ^RZK";0;1;0;0;in;104556071;1668107986596687873;PT_Transjakarta;https://twitter.com/PT_Transjakarta/status/1668172690639708161
Mon Jun 12 08:25:00 +0000 2023;1668172536100552704;"@ekose85 Hai kak. Layanan Mikrotrans merupakan unit armada yang di sediakan untuk meyalani pelanggan ke tempat tujuan sementara Jaklingko merupakan sistem pembayaran yang terintregasi dengan berbagai moda transportasi lainya. Tks ^DPS";0;2;0;0;in;104556071;1668107986596687873;PT_Transjakarta;https://twitter.com/PT_Transjakarta/status/1668172536100552704
Mon Jun 12 08:05:10 +0000 2023;1668167544006492161;"@yujuham Hai Kak. Pembayaran pada halte-halte Transjakarta selain dengan menggunakan kartu flazz, emoney, brizzi, tapcash, jakcard, kartu berlogo Jak Lingko bisa juga menggunakan Tiket QR (aplikasi Tije) dan aplikasi JakLingko. Terima kasih ^RZK";0;0;0;0;in;104556071;1668107986596687873;PT_Transjakarta;https://twitter.com/PT_Transjakarta/status/1668167544006492161
Mon Jun 12 07:39:14 +0000 2023;1668161017044701184;"Oalahhb baru tau anjay gua kira cuma yang logo jaklingko doang";0;0;0;0;in;284432971;1668161017044701184;ratnadian_p;https://twitter.com/ratnadian_p/status/1668161017044701184
Mon Jun 12 07:35:09 +0000 2023;1668159989326970881;"@PT_Transjakarta Knp di bbrp moda jaklingko kartu flazz bca tidak terbaca ya min?";0;1;0;0;in;54510267;1668107986596687873;risqhi;https://twitter.com/risqhi/status/1668159989326970881
Mon Jun 12 07:27:48 +0000 2023;1668158139655503872;"@nurrhadiwijayaa Hai kak, saat ini tarif integrasi intermoda hanya tersedia pada aplikasi Jaklingko ya, Kak. Berikut informasi nya https://t.co/8GHcovbANu Terima kasih ^LM";0;0;0;2;in;104556071;1668107986596687873;PT_Transjakarta;https://twitter.com/PT_Transjakarta/status/1668158139655503872
Mon Jun 12 07:12:17 +0000 2023;1668154236251832322;"@FelixSGL1 @Adrianussatrio Setuju harus ditata ulang jalurnya. Angkot kwk, mikrolet masih ada yg bertahan negosisasinya alot banget,, ada yg masih blm mau ikut jaklingko, sayang banget kalo gak diterusin ekspansinya, yg sblmnya gak ada mangkal2 depan mall/perempatan skg di diemin satpol pp.";0;1;0;0;in;36348276;1668107025866428421;rakhmat_mulyana;https://twitter.com/rakhmat_mulyana/status/1668154236251832322
Mon Jun 12 06:54:19 +0000 2023;1668149715295440896;"Tetep harus kartu jaklingko tapi skrg banknya ada lima";0;0;0;0;in;86556491;1668149715295440896;capricornbearr;https://twitter.com/capricornbearr/status/1668149715295440896
Mon Jun 12 06:47:14 +0000 2023;1668147932401664001;"@PT_Transjakarta Min. Rute mikrolet 42 mampang ragunan gak ada jaklingko. Sedih tau jalan kaki jauh2 jd gak wangi lagi.";0;1;0;0;in;297302790;1668107986596687873;nasipakde;https://twitter.com/nasipakde/status/1668147932401664001
Mon Jun 12 06:40:37 +0000 2023;1668146268831641600;"@adriansyahyasin Gw pernah nyoba sekali naik Transport umum buat kerja, kebetulan kerjaan gw ga terjangkau sama TJ, adapun 5 kiloan dari tempat kerja, sisanya ya harus naik jaklingko, ada jaklingko tapi itu lama banget sumpah, alhasil nyoba jalan kaki aja, dan sampe kerjaan BUASAH POL, gerah:)";0;0;0;0;in;1427311196214939649;1668088910872969216;giilanggggg;https://twitter.com/giilanggggg/status/1668146268831641600
Mon Jun 12 06:36:07 +0000 2023;1668145133186084864;"@PT_Transjakarta Min kartu jaklingko tolong dong di halte duri kepa sama di halte kebon jeruk tolong di adain kosong terus.";0;1;0;0;in;1660435363440267264;1668107986596687873;HeriPujiawan12;https://twitter.com/HeriPujiawan12/status/1668145133186084864
Mon Jun 12 06:33:22 +0000 2023;1668144441956401152;"@PT_Transjakarta loh loh udah bisa toh, kirain harus pake kartu Jaklingko doang";0;0;0;0;in;235804136;1668107986596687873;PetinggiOrmas;https://twitter.com/PetinggiOrmas/status/1668144441956401152
Mon Jun 12 06:25:21 +0000 2023;1668142425465057280;"@adriansyahyasin Hidupkan lagi aja 9H cipedak - blok m Dan saya akan balik naik tj Kalo harus muter2 naik jaklingko jd telat";0;0;0;0;in;1167361263879372800;1668088910872969216;teguhwiy;https://twitter.com/teguhwiy/status/1668142425465057280
Mon Jun 12 06:13:55 +0000 2023;1668139546402332673;"@Frzadam @PT_Transjakarta nah ini supir nya ada yang begitu , harus kartu yg desainnnya jaklingko padahal sama aja cuma beda desain gambar di kartuya aja";0;0;0;0;in;3187699934;1668107986596687873;ciboyss;https://twitter.com/ciboyss/status/1668139546402332673
Mon Jun 12 06:12:29 +0000 2023;1668139187617538049;"@stwannnn @sawitridyanti @PT_Transjakarta ada supir yg nolak harus pake kartu yg desain nya jaklingko :)";0;1;0;1;in;3187699934;1668107986596687873;ciboyss;https://twitter.com/ciboyss/status/1668139187617538049
Mon Jun 12 05:59:35 +0000 2023;1668135942882992128;"@pristinepedigre gapernah. ini yg model angkot itu kan ya? soalnya dulu cuma bisa pake kartu jaklingko yg mana gue ga punya";0;1;0;0;in;365750500;1668131549542494209;mhafidzff;https://twitter.com/mhafidzff/status/1668135942882992128
Mon Jun 12 05:55:18 +0000 2023;1668134862421905411;"@icam28 @unclee_eman @PT_Transjakarta Klo ini kita pakei karru jaklingko pun jg mesin ga terima klo blm suport bank tertentu";0;0;0;0;in;70118484;1668107986596687873;diiizan;https://twitter.com/diiizan/status/1668134862421905411
Mon Jun 12 05:55:14 +0000 2023;1668134846043152384;"ğŸ¤ ada yg tahu cara mutasi / cek riwayat pemakaian kartu jaklingko dimana? https://t.co/22j8b63oSM";0;3;0;1;in;1284061445148209154;1668134846043152384;convomfs;https://twitter.com/convomfs/status/1668134846043152384
Mon Jun 12 05:54:42 +0000 2023;1668134713620594688;"@PT_Transjakarta Kartu multi trip (KMT) kapan bisa dipakai buat jaklingko";0;2;0;0;in;1388445787906969601;1668107986596687873;seanjkl;https://twitter.com/seanjkl/status/1668134713620594688
Mon Jun 12 05:45:50 +0000 2023;1668132481655250944;"@PT_Transjakarta kartu dki jaklingko bisa dibeli di mana min?";0;2;0;0;in;874574680664948736;1668107986596687873;auralave;https://twitter.com/auralave/status/1668132481655250944
Mon Jun 12 05:45:22 +0000 2023;1668132363350716417;"@PT_Transjakarta mikrotrans sama jaklingko beda ya??";0;1;0;0;in;69098972;1668107986596687873;ekose85;https://twitter.com/ekose85/status/1668132363350716417
Mon Jun 12 05:43:09 +0000 2023;1668131807366348800;"@PT_Transjakarta Ada flazz yg khusus jaklingko gitu min? Kemaren mau pake flazz gabisa kata abangnya";0;1;0;0;in;318895947;1668107986596687873;anggrayni_ari;https://twitter.com/anggrayni_ari/status/1668131807366348800
Mon Jun 12 05:38:52 +0000 2023;1668130728050323456;"@PT_Transjakarta Ini ga ada tulisan kartu berlogo jaklingko, berarti bisa donk kartu emoney biasa https://t.co/Nia2xtI4qj";0;1;0;0;in;1236512381091471360;1663170731142955010;indrani_bella;https://twitter.com/indrani_bella/status/1668130728050323456
Mon Jun 12 05:25:37 +0000 2023;1668127393889030146;"@diiizan @PT_Transjakarta sebelum ada postingan ini saya udah pernah berdebat sama salah satu driver jaklingko 84 .   saya kan berkerja di bidang yg memakai sistem tapping STI";0;1;0;0;in;509651567;1668107986596687873;gampanglewat;https://twitter.com/gampanglewat/status/1668127393889030146
Mon Jun 12 05:11:39 +0000 2023;1668123880144404480;"@PT_Transjakarta Sy punya jaklingko BNI dan DKI ada jg Flazz";0;1;0;0;in;849938609876516864;1668107986596687873;mi68837822;https://twitter.com/mi68837822/status/1668123880144404480
Mon Jun 12 05:09:34 +0000 2023;1668123355885735936;"@adriansyahyasin jaklingko banyakin";0;0;0;0;in;1125694152585297920;1668088910872969216;niapoer;https://twitter.com/niapoer/status/1668123355885735936
Mon Jun 12 04:57:21 +0000 2023;1668120281163141120;"@PT_Transjakarta Klau sy bingungnya, ad plang bus stop jaklingko yg bus transjakarta noj BRT tdk mau bhenti. Mungkin perlu ditertibkan or dievaluasi kli y, mulai dr plang bus stop smp dgn pramudi yg bertugas di lapangan";0;0;0;0;in;1480217327962525703;1668107986596687873;suestysuesty;https://twitter.com/suestysuesty/status/1668120281163141120
Mon Jun 12 04:56:44 +0000 2023;1668120125613150208;"@tangankejepitt @adriansyahyasin Ojol hanyalah opang wfa, perilakunya sama, beringasnya sama, gada standarisasi kedisplinan berkendara. Angkot aja keliatan bedanya antar yg udh integrasi jaklingko vs kwk ghetto, baik sbg penumpang maupun pengguna jalan";0;1;0;2;in;100371692;1668088910872969216;Redzka;https://twitter.com/Redzka/status/1668120125613150208
Mon Jun 12 04:52:29 +0000 2023;1668119053892980737;"@wangi_cengkeh @PT_Transjakarta Bantu jawab, karena saya sering naik mikrotrans. Selama ini saya pakai kartu Mandiri E-Money dan BCA Flazz reguler (tanpa logo Jaklingko) bisa.";0;1;0;1;in;220057829;1668107986596687873;windryramadhina;https://twitter.com/windryramadhina/status/1668119053892980737
Mon Jun 12 04:47:18 +0000 2023;1668117748390711296;"@PT_Transjakarta aku pake kartu elektronik yang bukan jaklingko di maki maki supirnya";0;2;0;1;in;1436529225561829379;1668107986596687873;faturrrazza;https://twitter.com/faturrrazza/status/1668117748390711296
Mon Jun 12 04:42:52 +0000 2023;1668116634333224960;"bego bgt dah angkot 26 gua lg nunggu jaklingko jd kealingan trs ga berenti tolol";0;0;0;0;in;1363474387;1668116634333224960;pinacchioo;https://twitter.com/pinacchioo/status/1668116634333224960
Mon Jun 12 04:40:29 +0000 2023;1668116033394343936;"@PT_Transjakarta Tanya min, ini cuma untuk kartu yg udah ada logo janglingko/pemebelian via vending mechine atau termasuk kartu yg tanpa logo jaklingko(pembelian diluar chanel jakLingko)?";0;2;0;0;in;1380369519084892165;1668107986596687873;wangi_cengkeh;https://twitter.com/wangi_cengkeh/status/1668116033394343936
Mon Jun 12 04:32:05 +0000 2023;1668113920069091328;"Yey jd gk usah bingung klo naik Mikrotrans kudu pake JakLingko atau kagak ğŸ¤£";0;0;0;0;in;1377156287029338113;1668113920069091328;rfjr20586;https://twitter.com/rfjr20586/status/1668113920069091328
Mon Jun 12 04:28:40 +0000 2023;1668113062266798081;"@PT_Transjakarta Keren min, tapi di lapangan supir nya tau gak info ini. Nanti diomelin lagi gara2 gak tap pake kartu yg stiker jaklingko ğŸ˜…";0;0;0;0;in;3461567052;1668107986596687873;dahhnxikmabah;https://twitter.com/dahhnxikmabah/status/1668113062266798081
Mon Jun 12 04:23:27 +0000 2023;1668111748619202561;"@PT_Transjakarta Sebelumnya mikrotrans hanya menerima kartu yg ada keterangan jaklingko. Skrg emoney biasa bisa ya";0;1;0;1;in;69778881;1668107986596687873;EkoTamba;https://twitter.com/EkoTamba/status/1668111748619202561
Mon Jun 12 04:22:45 +0000 2023;1668111572378742785;"@RhendyW @PT_Transjakarta BCA Jaklingko itu sama aja kayak Flazz BCA. Cuman beda desain aja.";0;0;0;1;in;1341011343621513227;1668107986596687873;brokenfryingpan;https://twitter.com/brokenfryingpan/status/1668111572378742785
Mon Jun 12 04:18:16 +0000 2023;1668110443825758208;"@PT_Transjakarta nah gini dong min, jelas. masa tiap mau naek mikrotrans supirnya beda beda pendapat, ada yang bolehin pake emoney bank, ada yang cuma boleh pake stiker jaklingko";0;1;0;3;in;529076096;1668107986596687873;Frzadam;https://twitter.com/Frzadam/status/1668110443825758208
Mon Jun 12 04:17:23 +0000 2023;1668110220642639875;"@PT_Transjakarta Kalo 0 rupiah harus emoney jaklingko? Atau bisa jg emoney mandiri yg biasa?";0;3;0;1;in;106264950;1668107986596687873;unclee_eman;https://twitter.com/unclee_eman/status/1668110220642639875
Mon Jun 12 04:17:19 +0000 2023;1668110204200943616;"@PT_Transjakarta Flazz bca udah bisa untuk naik jaklingko?";0;4;0;1;in;1180652353076125702;1668107986596687873;saywowv;https://twitter.com/saywowv/status/1668110204200943616
Mon Jun 12 04:14:21 +0000 2023;1668109460047540226;"@PT_Transjakarta Kalo kartu jaklingko itu dikeluarkan dr bank apa Min?";0;1;0;0;in;1515153259668770819;1668107986596687873;Blackred262626;https://twitter.com/Blackred262626/status/1668109460047540226
Mon Jun 12 04:09:49 +0000 2023;1668108319209447425;"@PT_Transjakarta Harus yang BCA Jaklingko ya min? Atau bisa Flazz BCA biasa?";0;4;0;3;in;48563472;1668107986596687873;RhendyW;https://twitter.com/RhendyW/status/1668108319209447425
Mon Jun 12 04:05:46 +0000 2023;1668107297611190272;"@adriansyahyasin aduh pake data lama. udah ga relevan kayanya mengingat tahun segitu transportasi jkt masih awikwok (blm ada lrt, mrt, jaklingko, dll) dan coverage akses masyarakat ke transum ga semudah sekarang.";0;0;0;1;in;1322525480046637062;1668088910872969216;kebebngerog;https://twitter.com/kebebngerog/status/1668107297611190272
Mon Jun 12 03:53:46 +0000 2023;1668104276357582848;"KRL penoeh, djadwal TJ makin terbatas, jaklingko tidak mendjangkaoe bodetabek, teroes motor oentoek rakjat kecil minta dibatasi? warga bodetabek jang komoeter ke djakarta gimana?  Ada-ada sadja opini djelek matjam ini. Lagi-lagi rakjat vs rakjat iniâ€¦";1;4;10;51;in;258372282;1668104276357582848;hazmi_ash;https://twitter.com/hazmi_ash/status/1668104276357582848
Mon Jun 12 03:14:59 +0000 2023;1668094519324311552;"@adriansyahyasin kenyataannya tetap lebih murah dan nyaman karena transportasi umum masih belum menjangkau tempat tinggal yg naik motor, sayangnya jaklingko ga bisa mencakup jalan2 kecil di bodetabek juga";0;1;1;10;in;2979688641;1668088910872969216;ramdisaagasi;https://twitter.com/ramdisaagasi/status/1668094519324311552
Mon Jun 12 03:01:23 +0000 2023;1668091097149759492;"@roti2606 @PT_Transjakarta STIAP DEBAT SAMA PETUGAS SELALU DITUDUH KALO GA TAPOUT SEBELUMNYA, UJUNGNYA KALO KALAH DEBAT SURUH WHATSAPP JAKLINGKO TAPI YA HASILNYA BELJM ADA MASIH SERING RANDOM KEPOTONG 2X";0;0;0;0;in;1400635370782400515;1667375941977513984;talktokiem;https://twitter.com/talktokiem/status/1668091097149759492
Mon Jun 12 02:03:15 +0000 2023;1668076467379666945;"Sopir jaklingko aja masih galak2 bgt klo ada yg gak pake masker hahaha";0;2;0;0;in;36314821;1668076467379666945;mumualoha;https://twitter.com/mumualoha/status/1668076467379666945
Mon Jun 12 01:53:24 +0000 2023;1668073988562767872;"@gerysaputra @jalur5_ Selamat pagi. Dalam upaya meningkatkan kualitas layanan, tersedia alat pembayaran sebelum menggunakan layanan Transjakarta pada Halte Jaklingko Tanah Abang yang bertujuan mempercepat mobilitas pelanggan. Terima kasih ^YMW";0;0;0;0;in;104556071;1668039299177283584;PT_Transjakarta;https://twitter.com/PT_Transjakarta/status/1668073988562767872
Mon Jun 12 01:52:28 +0000 2023;1668073752079503360;"@PT_Transjakarta Alhamdulliah akhirnya bisa bebas naik TJ &amp  Mikrotrans Jaklingko tanpa masker";0;0;0;0;in;1381260127;1667767651756810245;Noufal_Kur;https://twitter.com/Noufal_Kur/status/1668073752079503360
Mon Jun 12 01:30:39 +0000 2023;1668068262117101568;"@RidwanFai Hai Kak. Untuk pembayaran tersebut belum tersedia. Pembayaran pada halte-halte Transjakarta selain dengan menggunakan kartu flazz, emoney, brizzi, tapcash, jakcard, kartu berlogo Jak Lingko bisa juga menggunakan Tiket QR (aplikasi Tije) dan aplikasi JakLingko. Terima kasih ^RJ";0;1;0;0;in;104556071;1654831568412880896;PT_Transjakarta;https://twitter.com/PT_Transjakarta/status/1668068262117101568
Mon Jun 12 01:21:50 +0000 2023;1668066044072820736;"Asli gua kemusuhan bgt sama app jaklingko. Titiknya ga prnh lgsg diarahin ke pemberhentian terakhir. Pasti ujungnya suruh jalan kek tah 1 halte / stasiun sblm tujuan akhir. Gua yg kena tegur petugasnya wkt udh tujuan akhir hhh";0;0;0;0;in;1075585277572182016;1668066044072820736;cilgula;https://twitter.com/cilgula/status/1668066044072820736
Mon Jun 12 01:17:15 +0000 2023;1668064889586475008;"@PT_Transjakarta kenapa ada mikrotrans yang mengizinkan kartu selain jaklingko ya?? tapi ada juga yang ngewajibin pakai kartu logo jaklingko. Jadinya wajib pakai kartu jaklingko kah?";0;2;0;0;in;1476152982743908352;1668064889586475008;dylan__ms;https://twitter.com/dylan__ms/status/1668064889586475008
Mon Jun 12 01:16:22 +0000 2023;1668064668584165377;"@EMoontaee Hai kak, Dalam upaya meningkatkan kualitas layanan, tersedia alat pembayaran sebelum menggunakan layanan Transjakarta pada Halte Jaklingko Tanah Abang yang bertujuan mempercepat mobilitas pelanggan, mohon info no kartu yang digunakan untuk kami lakukan kroscek. Terima kasih ^NR";0;0;0;0;in;104556071;1668052837178421249;PT_Transjakarta;https://twitter.com/PT_Transjakarta/status/1668064668584165377
Mon Jun 12 00:57:58 +0000 2023;1668060036164370434;"Lg naik jaklingko mau nyambung busway biasanya turun di pemberentian terakhir tp ini bisa2nya tanpa sadar mnta turun ke bapaknya dikira diblakang ada busway lewat. Trnyataaaaa "tidak untuk penumpang". Kzl bgt krna kok gegabah sih mnta turun.";0;0;0;0;in;1034505365730160640;1668060036164370434;isnarahmawati08;https://twitter.com/isnarahmawati08/status/1668060036164370434
Mon Jun 12 00:32:53 +0000 2023;1668053723028008961;"Nungguin kek gembel berdiri, menahan aroma PSB yang sangat amat mau ğŸ¤§ dan akhirnya pindah tempat deket pangkalan Jaklingko sambil menunggu chat. Eh baru dah dibales https://t.co/vzZ0HxHyj1";0;1;0;0;in;1553015710762553344;1668053712953290752;Kurnieh;https://twitter.com/Kurnieh/status/1668053723028008961
Mon Jun 12 00:05:38 +0000 2023;1668046866045444096;"@asmurcom Hai kak. Mohon maaf atas kendala yang dialami, mengenai saldo terpotong 2 kali, silakan laporkan ke nomor Customer Care JakLingko yang dapat di hubungi : ğŸ“± (Whatsapp) : 0812-6000-1440 â˜ï¸ (Phone) : 021-29223034 ğŸ“© (Email) : customercare@jaklingkoindonesia.co.id. Terima kasih ^RJ";0;0;1;0;in;104556071;1668040178357919744;PT_Transjakarta;https://twitter.com/PT_Transjakarta/status/1668046866045444096
Sun Jun 11 21:36:35 +0000 2023;1668009356707909632;"Jol mimpi naek jaklingko";0;0;0;0;in;1252192366414295041;1668009356707909632;nanapeach08;https://twitter.com/nanapeach08/status/1668009356707909632
Sun Jun 11 16:55:49 +0000 2023;1667938700750389258;"@kompascom supir jaklingko harus dikasih faham nih";0;0;0;0;in;64951563;1667784609579569152;IsmedHasibuan;https://twitter.com/IsmedHasibuan/status/1667938700750389258
Sun Jun 11 16:22:25 +0000 2023;1667930294597599233;"Bukan kek jaklingko gitu ,trs dia bilang gini ke gua' kan saya juga gaenak kalo mau minta ke orang,barangkali kalo ade bisa bantu saya buat nanti ongkos naik angkot ' alhamdulillahnya gua lgi ada sedikit rejeki buat bantu kakeknya ini yaudah gua kasih walaupun ngga banyak";0;1;0;0;in;1257896168962416640;1667930283587571717;Pirepire5;https://twitter.com/Pirepire5/status/1667930294597599233
Sun Jun 11 16:22:23 +0000 2023;1667930286599073793;"Trs dia cerita tu dia abis naik jaklingko[angkot] ktanya duduk didpn samping supir pas dia mao ngambil kartu tu jaklingko pas dri dompet,dompetnya tu ama dia malah ditaro samping duduk dia trs pas dia mao turun dia gatau lupa apa gimna ya (maap soalnya dia cerita g begitu detail.";0;1;0;0;in;1257896168962416640;1667930283587571717;Pirepire5;https://twitter.com/Pirepire5/status/1667930286599073793
Sun Jun 11 15:30:24 +0000 2023;1667917205529595905;"@PT_Transjakarta tolong ya di respon, mentang-mentang jaklingko layanan gratis tapi supir bisa seenaknya sama penumpang!";0;0;0;0;in;1378687232;1667914262487105536;haitchieee;https://twitter.com/haitchieee/status/1667917205529595905
Sun Jun 11 15:19:57 +0000 2023;1667914573628977152;"supir bisa bilang baik-baik kalo gaboleh turun disitu, ini saya dibentak-bentak depan penumpang didalam angkot jaklingko. saya gatau nomor mobilnya berapa, tapi kejadian jam 22:15. tolong di edukasi lagi";0;1;0;0;in;1378687232;1667914262487105536;haitchieee;https://twitter.com/haitchieee/status/1667914573628977152
Sun Jun 11 15:18:43 +0000 2023;1667914262487105536;"@PT_Transjakarta hallo admin, tolong edukasi lagi buat supir jaklingko 50, saya minta turun dekat lampu merah halte Rawa Buaya, trus diturunin dibawah flyover. saya gatau kalau ga boleh di lampu merahnya, karena saya bukan tinggal daerah sini jadi gatau bus stop nya dimana";0;2;0;0;in;1378687232;1667914262487105536;haitchieee;https://twitter.com/haitchieee/status/1667914262487105536
Sun Jun 11 15:00:21 +0000 2023;1667909642608058368;"@echoPiR @PT_Transjakarta Ooo... Seperti itu y soalnya sy gak tau krn sdh bbrp bulan ini udah gak naik turun jaklingko Klo bgtu bagus donk sdh mulai normal.";0;0;0;1;in;849938609876516864;1667767651756810245;mi68837822;https://twitter.com/mi68837822/status/1667909642608058368
Sun Jun 11 14:59:05 +0000 2023;1667909324826636291;"di cari pacar yang mau TJ date, KRL date, Jaklingko date, MRT date???? Gue mau.";0;0;0;0;in;1241229364668162048;1667909324826636291;hongfjoonq;https://twitter.com/hongfjoonq/status/1667909324826636291
Sun Jun 11 14:44:39 +0000 2023;1667905689694642181;"@PT_Transjakarta @Hanayurikuchiki kenapa sih admin @PT_Transjakarta mewajibkan kartu jaklingko, pdhl kan TOB di mikrotrans juga bisa kartu tanpa logo jaklingko.. jawab dong.. pertanyaan ini apa admin @PT_Transjakarta ga bisa jawab? apa jgn2 ga pada pernah naik miktorans?";0;0;0;0;in;70118484;1667761013830320128;diiizan;https://twitter.com/diiizan/status/1667905689694642181
Sun Jun 11 14:39:07 +0000 2023;1667904299559714816;"@dkxclbr ã…¤ á… á…  AWAN. Gue agak kaget dikit Ananta gak pernah cobain jaklingko dan adventurenya yang mirip fast n' furious. Jadi mau nyoba? ğŸ™‚ ã…¤ á… á… ";0;1;0;0;in;751896549806845952;1667386800128786434;Noerahga;https://twitter.com/Noerahga/status/1667904299559714816
Sun Jun 11 14:27:44 +0000 2023;1667901435084959745;"Info jaklingko";0;0;0;0;in;1667881419232940032;1667901435084959745;Slametmuly66862;https://twitter.com/Slametmuly66862/status/1667901435084959745
Sun Jun 11 14:12:16 +0000 2023;1667897540539469829;"@NgilmuKantiLaku @developer_dt @aewin86 @willsarana Nah benar kan jadi penumpang TJ meningkat karena peralihan penumpang angkutan swasta ke TJ bukan peralihat PENGENDARA PRIBADI ke TJ. dari awal juga disitu pointnya ğŸ¤£ Lalu anies mau subsidi angkutan dalam bentuk apa lagi? Dengan jaklingko yg gratis pun tidak beralih ğŸ¤£ğŸ¤¡";0;1;0;0;in;1576122017891241984;1667755359770128384;brojong20;https://twitter.com/brojong20/status/1667897540539469829
Sun Jun 11 14:04:25 +0000 2023;1667895566469300224;"@checkpoint1945 @txttransportasi Harusnya Jaklingko yang kebanyakan ntu fokus untuk buka trayek2 baru, akuisisi/konversi trayek angkot (sekelas angkot lho). Balikin rute yang seharusnya dilayani ama Minitrans or Metrotrans segera laksanakan sesuai pengaturan pre pandemic dulu. Kira2 kek gitu sih mas";0;0;0;0;in;2862109627;1667683064334393349;FelixSGL1;https://twitter.com/FelixSGL1/status/1667895566469300224
Sun Jun 11 14:03:01 +0000 2023;1667895215007633408;"@checkpoint1945 @txttransportasi Rute pasca pandemi berantakan, mentang2 armada Jaklingko kebanyakan n cuma gara2 gratis biar keliatan populis tapi ga realistis. Rute padat yang dahulu dilayani bus medium n Lowdeck dilayani sama gituan. Orang gabutuh gratis, yang penting cepet keangkut. Itu curhatan mereka2";0;1;0;0;in;2862109627;1667683064334393349;FelixSGL1;https://twitter.com/FelixSGL1/status/1667895215007633408
Sun Jun 11 13:51:49 +0000 2023;1667892394728247296;"@dddainooo mjb turun di tebet terus bisa naik jaklingko 48A atau TJ 6C/6D";0;1;0;1;in;1307229338266292229;1667842712635326471;mogumart;https://twitter.com/mogumart/status/1667892394728247296
Sun Jun 11 13:36:45 +0000 2023;1667888605006815232;"@isonedomydo @ganjarpranowo Gw di jkt udh merasakan bgmna kebijakan P.Anies dpt mengurangi beban hdp sehari" dg menyediakan angkot jaklingko Gratis. Tarif air bersih yg murah dari sblmnya. Internet Gratis di masa Pandemi utk ank" belajar di rmh. Blm lagi yg lainnya sprti pendidikan, kesehatan. Masa tua dll.";0;0;0;0;in;1578657305901830146;1667546450534989831;Sampeong2;https://twitter.com/Sampeong2/status/1667888605006815232
Sun Jun 11 13:27:04 +0000 2023;1667886164479717387;"@checkpoint1945 @txttransportasi Manajemen kemaren mentingin Jaklingko, bukan masalah gratisnya kalo nyatanya gabisa angkut smua kepadatan penumpang. Semisal ada 60 orang di bus stop/halte tapi yang dateng cuma Jaklingko muat 8 orang, ga semua diakomodir. Coba kalo yang dateng Metrotrans kan keangkut smua";0;1;0;0;in;2862109627;1667683064334393349;FelixSGL1;https://twitter.com/FelixSGL1/status/1667886164479717387
Sun Jun 11 13:05:35 +0000 2023;1667880759494066177;"@mi68837822 @PT_Transjakarta Jaklingko juga udah ngga wajib.  Makanya stiker2 di jendela Jaklingko yang tulisan " wajib masker" di copot semua.";0;2;1;2;in;3193742610;1667767651756810245;echoPiR;https://twitter.com/echoPiR/status/1667880759494066177
Sun Jun 11 12:26:41 +0000 2023;1667870970768662530;"@PT_Transjakarta Padahal tepat di depan gang rumah saya angkot jaklingko lewat tapi sopir ga mau ngangkut dengan alasan ga ada bus stop @PT_Transjakarta";0;1;0;0;in;1435554244363374596;1667814238407245824;vrgbrawl;https://twitter.com/vrgbrawl/status/1667870970768662530
Sun Jun 11 12:12:46 +0000 2023;1667867467161677824;"@MuhammadDjazul1 @KompasTV @aniesbaswedan JAKLINGKO. Sudah dikerjakan di jakarta.";0;0;0;0;in;2694945210;1667509939185795072;galonkosongid;https://twitter.com/galonkosongid/status/1667867467161677824
Sun Jun 11 11:54:55 +0000 2023;1667862977905844225;"supir jaklingko ya";0;0;0;0;in;1385098751614750724;1667862977905844225;teureboot;https://twitter.com/teureboot/status/1667862977905844225
Sun Jun 11 11:39:48 +0000 2023;1667859170958405632;"Apakah jodohku akan ketemu di jaklingko bikos karna pulang pergi ngantor naik jaklingko. Gak bisa gaet orang kantor karna mostly cewe dan sekalinya ada cowo dah ada istri dan anak, sekalinya ada yg bujangan juga cuma satu dan doi dah dicariin jodoh sama ortunya karna arab";0;0;0;0;in;154121629;1667859170958405632;ciandys;https://twitter.com/ciandys/status/1667859170958405632
Sun Jun 11 11:34:03 +0000 2023;1667857725320208384;"@PT_Transjakarta Jaklingko 41. 1. Membahayakan penumpang ketika mau naik mobil langsung jalan di bus stop jl paus Rawamangun.   2. Tidak mau berhenti di bus stop, supir marah-marah https://t.co/4qnd3Erg5X";0;0;0;1;in;1148514639258324994;1667857725320208384;Fifiratna_07;https://twitter.com/Fifiratna_07/status/1667857725320208384
